id_pais,ano,valor
2,2000,44.99
2,2001,45.6
2,2002,37.83
2,2003,36.66
2,2004,44.24
2,2005,33.88
2,2006,31.89
2,2007,28.78
2,2008,21.17
2,2009,16.53
2,2010,15.15
2,2011,12.61
2,2012,15.36
2,2013,16.89
2,2014,19.06
2,2015,17.69
2,2016,20.18
2,2017,19.48
2,2018,18.28
2,2019,18.87
2,2020,18.21
2,2021,19.98
4,2000,0.43
4,2001,0.43
4,2002,0.51
4,2003,0.47
4,2004,0.44
4,2005,0.58
4,2006,0.41
4,2007,0.41
4,2008,0.3
4,2009,0.31
4,2010,0.26
4,2011,0.18
4,2012,0.18
4,2013,0.13
4,2014,0.07
4,2015,0.06
4,2016,0.08
4,2017,0.14
4,2018,0.19
4,2019,0.16
4,2020,0.15
4,2021,0.12
219,2000,0.0
219,2001,0.0
219,2002,0.0
219,2003,0.0
219,2004,0.0
219,2005,0.0
219,2006,0.0
219,2007,0.0
219,2008,0.0
219,2009,0.0
219,2010,0.0
219,2011,0.0
219,2012,0.09
219,2013,0.16
219,2014,0.16
219,2015,0.17
219,2016,0.21
219,2017,0.35
219,2018,0.35
219,2019,0.36
219,2020,0.38
219,2021,0.39
5,2000,14.51
5,2001,15.39
5,2002,15.83
5,2003,16.52
5,2004,16.57
5,2005,16.61
5,2006,17.57
5,2007,16.56
5,2008,17.02
5,2009,17.13
5,2010,18.67
5,2011,18.55
5,2012,18.76
5,2013,19.14
5,2014,19.45
5,2015,19.05
5,2016,18.94
5,2017,17.98
5,2018,17.64
5,2019,17.19
5,2020,20.89
5,2021,18.39
6,2000,73.84
6,2001,72.75
6,2002,70.83
6,2003,65.57
6,2004,62.34
6,2005,68.86
6,2006,62.62
6,2007,58.92
6,2008,55.42
6,2009,53.0
6,2010,53.06
6,2011,51.66
6,2012,48.98
6,2013,46.78
6,2014,47.45
6,2015,47.12
6,2016,48.07
6,2017,52.55
6,2018,52.5
6,2019,50.97
6,2020,60.15
6,2021,52.88
220,2000,0.23
220,2001,0.21
220,2002,0.22
220,2003,0.21
220,2004,0.18
220,2005,0.17
220,2006,0.15
220,2007,0.15
220,2008,0.15
220,2009,0.15
220,2010,0.14
220,2011,0.15
220,2012,0.15
220,2013,0.16
220,2014,0.41
220,2015,0.35
220,2016,0.66
220,2017,0.69
220,2018,0.61
220,2019,0.72
220,2020,0.78
220,2021,0.77
7,2000,0.0
7,2001,0.0
7,2002,0.0
7,2003,0.0
7,2004,0.0
7,2005,0.0
7,2006,0.0
7,2007,0.0
7,2008,0.0
7,2009,0.0
7,2010,0.0
7,2011,0.06
7,2012,0.11
7,2013,0.11
7,2014,0.11
7,2015,0.36
7,2016,0.45
7,2017,0.45
7,2018,0.7
7,2019,0.69
7,2020,0.92
7,2021,0.9
8,2000,9.85
8,2001,11.51
8,2002,11.62
8,2003,10.82
8,2004,9.29
8,2005,9.64
8,2006,9.18
8,2007,7.72
8,2008,7.65
8,2009,8.59
8,2010,8.79
8,2011,8.83
8,2012,8.61
8,2013,8.91
8,2014,9.79
8,2015,9.4
8,2016,9.38
8,2017,10.37
8,2018,10.52
8,2019,10.74
8,2020,9.84
8,2021,9.24
9,2000,7.16
9,2001,5.42
9,2002,8.9
9,2003,9.81
9,2004,8.71
9,2005,6.49
9,2006,7.65
9,2007,7.02
9,2008,6.4
9,2009,7.8
9,2010,9.36
9,2011,8.01
9,2012,6.56
9,2013,6.77
9,2014,7.08
9,2015,10.74
9,2016,13.15
9,2017,12.56
9,2018,11.13
9,2019,10.34
9,2020,8.38
9,2021,9.13
10,2000,0.18
10,2001,0.18
10,2002,0.18
10,2003,0.18
10,2004,0.19
10,2005,0.19
10,2006,0.19
10,2007,0.19
10,2008,0.19
10,2009,0.3
10,2010,5.46
10,2011,5.66
10,2012,6.86
10,2013,6.89
10,2014,6.93
10,2015,6.73
10,2016,6.96
10,2017,6.77
10,2018,8.57
10,2019,8.29
10,2020,9.11
10,2021,8.76
11,2000,8.42
11,2001,8.37
11,2002,8.74
11,2003,7.15
11,2004,6.68
11,2005,6.71
11,2006,6.85
11,2007,6.95
11,2008,6.79
11,2009,7.14
11,2010,8.16
11,2011,8.32
11,2012,8.3
11,2013,9.22
11,2014,9.33
11,2015,9.42
11,2016,9.58
11,2017,9.87
11,2018,9.83
11,2019,10.32
11,2020,11.17
11,2021,12.32
12,2000,26.43
12,2001,25.53
12,2002,24.68
12,2003,22.56
12,2004,23.17
12,2005,24.41
12,2006,26.64
12,2007,28.99
12,2008,29.68
12,2009,31.31
12,2010,31.15
12,2011,31.64
12,2012,34.37
12,2013,34.58
12,2014,35.67
12,2015,34.82
12,2016,34.63
12,2017,33.97
12,2018,34.09
12,2019,33.99
12,2020,35.77
12,2021,36.0
13,2000,2.07
13,2001,1.75
13,2002,2.35
13,2003,2.94
13,2004,3.07
13,2005,3.36
13,2006,2.86
13,2007,3.78
13,2008,3.08
13,2009,3.27
13,2010,4.45
13,2011,3.55
13,2012,2.84
13,2013,2.52
13,2014,2.12
13,2015,2.33
13,2016,1.93
13,2017,1.9
13,2018,1.92
13,2019,1.69
13,2020,1.29
13,2021,1.32
14,2000,0.0
14,2001,0.42
14,2002,0.38
14,2003,1.54
14,2004,1.59
14,2005,1.71
14,2006,2.01
14,2007,3.54
14,2008,1.97
14,2009,1.53
14,2010,1.3
14,2011,1.44
14,2012,1.41
14,2013,1.42
14,2014,1.37
14,2015,1.38
14,2016,1.25
14,2017,1.11
14,2018,1.12
14,2019,1.09
14,2020,1.44
14,2021,1.11
15,2000,0.0
15,2001,0.0
15,2002,0.0
15,2003,0.0
15,2004,0.0
15,2005,0.0
15,2006,0.0
15,2007,0.0
15,2008,0.0
15,2009,0.0
15,2010,0.0
15,2011,0.0
15,2012,0.0
15,2013,0.0
15,2014,0.0
15,2015,0.0
15,2016,0.0
15,2017,0.0
15,2018,0.02
15,2019,0.02
15,2020,0.02
15,2021,0.02
16,2000,60.18
16,2001,55.93
16,2002,54.44
16,2003,52.59
16,2004,52.01
16,2005,50.61
16,2006,48.65
16,2007,47.16
16,2008,45.16
16,2009,43.07
16,2010,40.28
16,2011,38.41
16,2012,37.33
16,2013,37.0
16,2014,35.39
16,2015,33.09
16,2016,30.23
16,2017,28.1
16,2018,27.04
16,2019,26.09
16,2020,27.24
16,2021,25.04
17,2000,11.87
17,2001,10.81
17,2002,9.78
17,2003,8.62
17,2004,8.66
17,2005,8.69
17,2006,8.82
17,2007,8.56
17,2008,7.63
17,2009,8.46
17,2010,8.21
17,2011,4.14
17,2012,3.82
17,2013,3.13
17,2014,2.99
17,2015,3.01
17,2016,2.84
17,2017,4.35
17,2018,4.89
17,2019,3.44
17,2020,4.7
17,2021,5.46
18,2000,5.65
18,2001,6.26
18,2002,6.52
18,2003,6.25
18,2004,6.27
18,2005,6.83
18,2006,7.2
18,2007,7.28
18,2008,7.08
18,2009,7.39
18,2010,7.29
18,2011,7.52
18,2012,7.24
18,2013,6.97
18,2014,6.69
18,2015,6.82
18,2016,6.72
18,2017,7.28
18,2018,7.21
18,2019,7.81
18,2020,8.39
18,2021,8.22
19,2000,1.44
19,2001,1.58
19,2002,1.68
19,2003,1.89
19,2004,2.05
19,2005,2.48
19,2006,2.88
19,2007,3.43
19,2008,3.98
19,2009,4.92
19,2010,6.24
19,2011,6.69
19,2012,7.68
19,2013,8.26
19,2014,9.13
19,2015,9.4
19,2016,9.2
19,2017,9.66
19,2018,10.65
19,2019,10.23
19,2020,12.31
19,2021,11.68
20,2000,34.55
20,2001,23.91
20,2002,25.66
20,2003,24.37
20,2004,26.29
20,2005,25.64
20,2006,32.74
20,2007,28.03
20,2008,29.82
20,2009,25.15
20,2010,29.43
20,2011,42.18
20,2012,47.91
20,2013,37.95
20,2014,37.43
20,2015,30.32
20,2016,33.27
20,2017,37.24
20,2018,35.53
20,2019,30.43
20,2020,31.4
20,2021,26.56
21,2000,70.29
21,2001,66.86
21,2002,64.04
21,2003,61.73
21,2004,60.69
21,2005,59.2
21,2006,57.31
21,2007,54.49
21,2008,54.76
21,2009,52.83
21,2010,47.19
21,2011,48.7
21,2012,50.33
21,2013,51.97
21,2014,51.05
21,2015,49.94
21,2016,45.42
21,2017,45.38
21,2018,43.97
21,2019,46.47
21,2020,46.2
21,2021,54.52
22,2000,0.46
22,2001,0.54
22,2002,0.51
22,2003,0.51
22,2004,0.52
22,2005,0.49
22,2006,0.44
22,2007,0.5
22,2008,0.46
22,2009,0.43
22,2010,0.43
22,2011,0.42
22,2012,0.44
22,2013,1.47
22,2014,0.43
22,2015,0.55
22,2016,1.09
22,2017,0.63
22,2018,0.68
22,2019,0.77
22,2020,0.91
22,2021,0.9
23,2000,91.4
23,2001,90.18
23,2002,89.68
23,2003,89.65
23,2004,90.91
23,2005,88.66
23,2006,91.6
23,2007,91.98
23,2008,87.77
23,2009,87.75
23,2010,84.76
23,2011,84.86
23,2012,82.81
23,2013,81.73
23,2014,82.14
23,2015,81.58
23,2016,80.79
23,2017,79.65
23,2018,80.02
23,2019,80.98
23,2020,83.91
23,2021,81.81
24,2000,29.17
24,2001,28.99
24,2002,28.13
24,2003,27.01
24,2004,25.8
24,2005,24.65
24,2006,23.7
24,2007,22.07
24,2008,21.3
24,2009,20.62
24,2010,19.93
24,2011,18.1
24,2012,17.36
24,2013,16.02
24,2014,15.03
24,2015,14.22
24,2016,13.62
24,2017,14.29
24,2018,14.33
24,2019,13.52
24,2020,16.87
24,2021,12.76
221,2012,11.92
221,2013,13.38
221,2014,14.3
221,2015,13.65
221,2016,12.33
221,2017,11.22
221,2018,14.16
221,2019,12.41
221,2020,10.37
221,2021,11.51
25,2000,19.35
25,2001,20.27
25,2002,21.21
25,2003,20.14
25,2004,20.1
25,2005,19.73
25,2006,18.12
25,2007,14.84
25,2008,14.28
25,2009,17.43
25,2010,19.57
25,2011,14.16
25,2012,15.28
25,2013,19.48
25,2014,23.65
25,2015,25.25
25,2016,23.0
25,2017,18.49
25,2018,35.36
25,2019,36.84
25,2020,37.71
25,2021,36.61
26,2000,38.46
26,2001,37.51
26,2002,36.13
26,2003,36.21
26,2004,34.34
26,2005,33.0
26,2006,31.77
26,2007,29.04
26,2008,27.79
26,2009,28.89
26,2010,29.87
26,2011,28.91
26,2012,27.76
26,2013,26.71
26,2014,25.84
26,2015,26.11
26,2016,26.7
26,2017,26.68
26,2018,25.62
26,2019,26.25
26,2020,27.69
26,2021,27.36
1,2000,42.67
1,2001,41.34
1,2002,42.87
1,2003,45.13
1,2004,45.2
1,2005,46.15
1,2006,46.7
1,2007,47.22
1,2008,47.04
1,2009,48.92
1,2010,46.8
1,2011,45.25
1,2012,43.46
1,2013,42.3
1,2014,41.74
1,2015,43.66
1,2016,45.42
1,2017,45.26
1,2018,46.88
1,2019,47.52
1,2020,50.0
1,2021,46.48
27,2000,0.87
27,2001,0.86
27,2002,0.84
27,2003,0.79
27,2004,0.77
27,2005,0.76
27,2006,0.72
27,2007,0.71
27,2008,0.71
27,2009,0.73
27,2010,0.71
27,2011,0.9
27,2012,0.91
27,2013,0.98
27,2014,1.02
27,2015,1.01
27,2016,1.01
27,2017,1.15
27,2018,1.24
27,2019,1.16
27,2020,1.32
27,2021,1.31
28,2000,0.0
28,2001,0.0
28,2002,0.0
28,2003,0.0
28,2004,0.0
28,2005,0.0
28,2006,0.0
28,2007,0.0
28,2008,0.0
28,2009,0.0
28,2010,0.0
28,2011,0.02
28,2012,0.01
28,2013,0.01
28,2014,0.01
28,2015,0.01
28,2016,0.01
28,2017,0.01
28,2018,0.01
28,2019,0.01
28,2020,0.01
28,2021,0.03
29,2000,7.97
29,2001,7.24
29,2002,8.7
29,2003,9.16
29,2004,9.55
29,2005,9.83
29,2006,9.96
29,2007,8.85
29,2008,9.94
29,2009,11.62
29,2010,14.27
29,2011,13.22
29,2012,15.61
29,2013,18.25
29,2014,17.15
29,2015,17.85
29,2016,17.71
29,2017,17.11
29,2018,19.59
29,2019,19.3
29,2020,21.1
29,2021,20.38
30,2000,83.9
30,2001,81.66
30,2002,81.85
30,2003,80.82
30,2004,81.98
30,2005,85.45
30,2006,84.85
30,2007,82.93
30,2008,83.49
30,2009,83.31
30,2010,82.06
30,2011,81.39
30,2012,79.17
30,2013,78.72
30,2014,78.88
30,2015,78.81
30,2016,77.08
30,2017,74.63
30,2018,73.7
30,2019,72.69
30,2020,73.14
30,2021,71.16
31,2000,93.23
31,2001,94.7
31,2002,94.64
31,2003,95.76
31,2004,96.04
31,2005,96.01
31,2006,95.3
31,2007,95.29
31,2008,94.95
31,2009,94.61
31,2010,93.23
31,2011,92.11
31,2012,91.73
31,2013,90.79
31,2014,91.31
31,2015,91.18
31,2016,89.58
31,2017,88.19
31,2018,85.65
31,2019,84.85
31,2020,83.44
31,2021,83.14
32,2000,81.58
32,2001,80.51
32,2002,80.97
32,2003,79.92
32,2004,80.69
32,2005,79.24
32,2006,78.01
32,2007,74.79
32,2008,74.13
32,2009,68.04
32,2010,64.82
32,2011,63.99
32,2012,64.36
32,2013,64.97
32,2014,63.7
32,2015,60.63
32,2016,58.0
32,2017,56.32
32,2018,58.15
32,2019,53.05
32,2020,51.42
32,2021,52.38
33,2000,84.59
33,2001,85.3
33,2002,85.25
33,2003,85.3
33,2004,85.54
33,2005,86.31
33,2006,85.51
33,2007,80.82
33,2008,80.82
33,2009,79.22
33,2010,78.74
33,2011,78.63
33,2012,78.57
33,2013,77.68
33,2014,76.88
33,2015,78.06
33,2016,78.82
33,2017,79.24
33,2018,78.65
33,2019,78.9
33,2020,78.93
33,2021,79.24
34,2000,20.26
34,2001,19.82
34,2002,20.11
34,2003,19.74
34,2004,20.37
34,2005,21.61
34,2006,21.51
34,2007,21.62
34,2008,21.61
34,2009,22.23
34,2010,21.4
34,2011,21.47
34,2012,21.8
34,2013,22.23
34,2014,22.2
34,2015,22.27
34,2016,22.09
34,2017,22.84
34,2018,22.31
34,2019,22.39
34,2020,23.9
34,2021,23.84
35,2000,27.88
35,2001,25.97
35,2002,25.98
35,2003,24.83
35,2004,24.38
35,2005,23.88
35,2006,21.18
35,2007,21.04
35,2008,23.81
35,2009,22.08
35,2010,21.22
35,2011,20.78
35,2012,24.26
35,2013,25.94
35,2014,26.11
35,2015,26.35
35,2016,23.93
35,2017,21.81
35,2018,21.86
35,2019,19.69
35,2020,23.44
35,2021,22.64
36,2000,0.0
36,2001,0.0
36,2002,0.0
36,2003,0.0
36,2004,0.0
36,2005,0.0
36,2006,0.0
36,2007,0.0
36,2008,0.0
36,2009,0.01
36,2010,0.01
36,2011,0.02
36,2012,0.01
36,2013,0.01
36,2014,0.01
36,2015,0.01
36,2016,0.01
36,2017,0.01
36,2018,0.01
36,2019,0.0
36,2020,0.01
36,2021,0.01
37,2000,88.9
37,2001,88.92
37,2002,89.22
37,2003,90.25
37,2004,90.64
37,2005,90.96
37,2006,90.8
37,2007,90.88
37,2008,93.64
37,2009,93.91
37,2010,93.84
37,2011,93.33
37,2012,93.07
37,2013,95.08
37,2014,94.82
37,2015,92.86
37,2016,92.11
37,2017,91.58
37,2018,91.42
37,2019,91.26
37,2020,90.88
37,2021,90.92
38,2000,88.7
38,2001,88.6
38,2002,88.53
38,2003,83.91
38,2004,84.0
38,2005,83.82
38,2006,83.74
38,2007,82.38
38,2008,79.85
38,2009,79.36
38,2010,79.23
38,2011,80.68
38,2012,76.08
38,2013,72.62
38,2014,72.52
38,2015,72.66
38,2016,72.72
38,2017,72.84
38,2018,73.13
38,2019,72.75
38,2020,71.89
38,2021,69.9
40,2000,31.36
40,2001,32.15
40,2002,33.07
40,2003,31.62
40,2004,31.44
40,2005,32.26
40,2006,32.91
40,2007,30.46
40,2008,30.83
40,2009,31.53
40,2010,27.04
40,2011,28.79
40,2012,30.31
40,2013,30.23
40,2014,26.95
40,2015,25.06
40,2016,24.55
40,2017,24.1
40,2018,25.46
40,2019,25.27
40,2020,26.73
40,2021,24.17
41,2000,29.63
41,2001,28.36
41,2002,27.0
41,2003,23.86
41,2004,20.17
41,2005,17.44
41,2006,16.39
41,2007,14.88
41,2008,14.14
41,2009,13.43
41,2010,12.26
41,2011,11.34
41,2012,11.53
41,2013,11.47
41,2014,11.91
41,2015,12.18
41,2016,12.56
41,2017,13.13
41,2018,13.53
41,2019,14.29
41,2020,14.91
41,2021,15.21
42,2000,27.85
42,2001,27.08
42,2002,28.63
42,2003,30.55
42,2004,29.04
42,2005,28.94
42,2006,30.62
42,2007,31.03
42,2008,30.77
42,2009,31.39
42,2010,30.55
42,2011,29.64
42,2012,29.56
42,2013,32.01
42,2014,32.09
42,2015,31.09
42,2016,30.46
42,2017,32.25
42,2018,30.45
42,2019,31.54
42,2020,31.95
42,2021,29.7
43,2000,69.87
43,2001,69.51
43,2002,70.31
43,2003,64.4
43,2004,63.52
43,2005,65.74
43,2006,61.81
43,2007,74.37
43,2008,73.44
43,2009,68.53
43,2010,66.02
43,2011,68.99
43,2012,68.28
43,2013,63.56
43,2014,67.95
43,2015,67.03
43,2016,63.97
43,2017,59.45
43,2018,57.68
43,2019,55.31
43,2020,50.83
43,2021,41.19
44,2000,64.86
44,2001,61.18
44,2002,68.62
44,2003,62.1
44,2004,63.06
44,2005,63.06
44,2006,69.35
44,2007,60.25
44,2008,56.79
44,2009,55.87
44,2010,54.53
44,2011,64.35
44,2012,65.11
44,2013,62.31
44,2014,62.06
44,2015,64.25
44,2016,67.71
44,2017,69.82
44,2018,70.57
44,2019,69.8
44,2020,71.36
44,2021,71.38
217,2000,9.28
217,2001,9.9
217,2002,12.25
217,2003,11.07
217,2004,10.4
217,2005,9.42
217,2006,8.42
217,2007,8.71
217,2008,8.42
217,2009,9.01
217,2010,7.25
217,2011,6.52
217,2012,6.17
217,2013,6.32
217,2014,6.26
217,2015,7.18
217,2016,7.74
217,2017,8.0
217,2018,9.39
217,2019,9.02
217,2020,9.94
217,2021,8.76
45,2000,32.95
45,2001,32.1
45,2002,32.54
45,2003,33.3
45,2004,39.16
45,2005,41.73
45,2006,42.4
45,2007,41.18
45,2008,40.7
45,2009,40.72
45,2010,40.39
45,2011,38.02
45,2012,38.06
45,2013,37.8
45,2014,37.62
45,2015,38.33
45,2016,34.09
45,2017,33.31
45,2018,33.12
45,2019,33.4
45,2020,36.4
45,2021,34.16
46,2000,63.72
46,2001,64.73
46,2002,65.32
46,2003,70.32
46,2004,75.4
46,2005,77.92
46,2006,74.79
46,2007,76.33
46,2008,74.21
46,2009,73.71
46,2010,75.42
46,2011,79.11
46,2012,74.9
46,2013,72.16
46,2014,71.91
46,2015,64.51
46,2016,64.04
46,2017,62.54
46,2018,60.51
46,2019,61.06
46,2020,61.78
46,2021,58.17
47,2000,26.83
47,2001,26.92
47,2002,24.64
47,2003,24.82
47,2004,26.59
47,2005,26.8
47,2006,25.51
47,2007,22.66
47,2008,24.15
47,2009,27.16
47,2010,29.76
47,2011,27.17
47,2012,29.41
47,2013,32.83
47,2014,33.61
47,2015,33.09
47,2016,31.83
47,2017,29.79
47,2018,32.83
47,2019,31.61
47,2020,32.37
47,2021,34.07
48,2000,34.43
48,2001,34.05
48,2002,34.8
48,2003,33.56
48,2004,33.77
48,2005,26.31
48,2006,21.96
48,2007,18.59
48,2008,18.73
48,2009,18.97
48,2010,15.61
48,2011,19.2
48,2012,19.38
48,2013,18.24
48,2014,23.16
48,2015,21.15
48,2016,19.2
48,2017,22.0
48,2018,23.99
48,2019,23.14
48,2020,24.54
48,2021,20.91
49,2000,0.07
49,2001,0.63
49,2002,0.6
49,2003,0.61
49,2004,0.61
49,2005,0.6
49,2006,0.59
49,2007,0.58
49,2008,0.51
49,2009,0.5
49,2010,0.5
49,2011,0.5
49,2012,0.57
49,2013,1.12
49,2014,1.36
49,2015,1.3
49,2016,1.42
49,2017,1.85
49,2018,2.55
49,2019,2.52
49,2020,2.84
49,2021,2.75
50,2000,3.08
50,2001,3.03
50,2002,3.16
50,2003,3.24
50,2004,3.28
50,2005,3.35
50,2006,3.49
50,2007,4.32
50,2008,5.66
50,2009,6.29
50,2010,6.5
50,2011,7.6
50,2012,8.6
50,2013,9.73
50,2014,9.49
50,2015,10.41
50,2016,10.27
50,2017,10.94
50,2018,12.02
50,2019,11.97
50,2020,15.02
50,2021,15.63
51,2000,5.94
51,2001,6.29
51,2002,7.28
51,2003,6.72
51,2004,7.13
51,2005,7.53
51,2006,7.88
51,2007,8.32
51,2008,8.99
51,2009,10.25
51,2010,10.95
51,2011,12.16
51,2012,12.8
51,2013,13.95
51,2014,14.85
51,2015,14.83
51,2016,14.77
51,2017,14.46
51,2018,14.71
51,2019,15.88
51,2020,16.98
51,2021,17.16
52,2000,97.94
52,2001,98.34
52,2002,98.27
52,2003,97.97
52,2004,97.88
52,2005,97.42
52,2006,97.33
52,2007,97.17
52,2008,96.97
52,2009,97.02
52,2010,96.81
52,2011,96.21
52,2012,95.47
52,2013,93.92
52,2014,92.87
52,2015,95.82
52,2016,97.05
52,2017,96.72
52,2018,96.41
52,2019,96.32
52,2020,96.2
52,2021,96.33
53,2000,10.73
53,2001,11.12
53,2002,11.86
53,2003,12.72
53,2004,14.44
53,2005,16.12
53,2006,15.26
53,2007,17.69
53,2008,18.54
53,2009,19.33
53,2010,21.2
53,2011,23.83
53,2012,26.93
53,2013,27.05
53,2014,30.19
53,2015,32.53
53,2016,31.95
53,2017,35.02
53,2018,34.56
53,2019,37.25
53,2020,39.45
53,2021,39.52
54,2000,31.44
54,2001,31.68
54,2002,32.44
54,2003,32.88
54,2004,33.62
54,2005,33.09
54,2006,33.01
54,2007,32.52
54,2008,33.14
54,2009,34.38
54,2010,32.54
54,2011,32.02
54,2012,32.28
54,2013,29.93
54,2014,29.42
54,2015,24.75
54,2016,23.63
54,2017,23.31
54,2018,24.66
54,2019,23.35
54,2020,27.46
54,2021,26.56
55,2000,11.06
55,2001,9.41
55,2002,13.6
55,2003,10.56
55,2004,11.4
55,2005,10.02
55,2006,9.82
55,2007,7.75
55,2008,7.96
55,2009,7.48
55,2010,10.28
55,2011,13.8
55,2012,11.33
55,2013,11.41
55,2014,9.86
55,2015,8.68
55,2016,10.74
55,2017,9.66
55,2018,7.89
55,2019,7.62
55,2020,8.58
55,2021,8.83
56,2000,19.11
56,2001,18.89
56,2002,17.94
56,2003,18.94
56,2004,20.67
56,2005,19.44
56,2006,17.98
56,2007,17.89
56,2008,17.68
56,2009,17.34
56,2010,16.91
56,2011,16.75
56,2012,16.48
56,2013,16.55
56,2014,17.28
56,2015,14.88
56,2016,15.31
56,2017,16.87
56,2018,15.95
56,2019,14.4
56,2020,15.97
56,2021,14.82
57,2002,48.25
57,2003,47.85
57,2004,44.04
57,2005,43.61
57,2006,41.9
57,2007,41.88
57,2008,39.72
57,2009,36.91
57,2010,34.82
57,2011,32.84
57,2012,25.61
57,2013,22.57
57,2014,18.08
57,2015,18.0
57,2016,12.67
57,2017,13.21
57,2018,12.71
57,2019,11.7
57,2020,11.45
57,2021,12.14
58,2000,19.43
58,2001,17.06
58,2002,17.1
58,2003,16.55
58,2004,16.73
58,2005,16.16
58,2006,14.19
58,2007,15.88
58,2008,15.32
58,2009,12.87
58,2010,11.79
58,2011,13.15
58,2012,13.2
58,2013,11.85
58,2014,12.18
58,2015,13.07
58,2016,14.75
58,2017,17.05
58,2018,16.33
58,2019,17.73
58,2020,20.22
58,2021,18.9
59,2000,8.26
59,2001,7.82
59,2002,7.35
59,2003,7.45
59,2004,7.57
59,2005,6.48
59,2006,6.22
59,2007,6.05
59,2008,5.88
59,2009,5.65
59,2010,5.37
59,2011,5.43
59,2012,5.29
59,2013,5.28
59,2014,5.38
59,2015,5.28
59,2016,5.07
59,2017,4.93
59,2018,5.03
59,2019,6.24
59,2020,6.71
59,2021,6.11
60,2000,33.51
60,2001,33.11
60,2002,34.02
60,2003,33.85
60,2004,33.33
60,2005,34.08
60,2006,34.76
60,2007,28.24
60,2008,31.5
60,2009,32.2
60,2010,32.62
60,2011,29.52
60,2012,30.27
60,2013,27.54
60,2014,23.95
60,2015,21.02
60,2016,20.7
60,2017,24.98
60,2018,23.21
60,2019,19.38
60,2020,23.7
60,2021,21.91
61,2000,45.85
61,2001,46.12
61,2002,31.31
61,2003,29.49
61,2004,7.2
61,2005,7.1
61,2006,6.99
61,2007,8.49
61,2008,7.23
61,2009,9.24
61,2010,5.74
61,2011,5.58
61,2012,4.42
61,2013,3.68
61,2014,4.88
61,2015,5.54
61,2016,4.78
61,2017,5.02
61,2018,4.85
61,2019,7.4
61,2020,6.51
61,2021,5.25
62,2000,76.79
62,2001,74.85
62,2002,74.69
62,2003,75.05
62,2004,69.79
62,2005,74.69
62,2006,77.29
62,2007,79.1
62,2008,81.36
62,2009,81.65
62,2010,80.9
62,2011,77.07
62,2012,78.42
62,2013,79.65
62,2014,80.48
62,2015,81.19
62,2016,81.4
62,2017,81.64
62,2018,80.8
62,2019,80.55
62,2020,80.89
62,2021,80.66
63,2000,19.76
63,2001,18.85
63,2002,19.34
63,2003,19.88
63,2004,20.0
63,2005,18.9
63,2006,17.22
63,2007,18.65
63,2008,20.54
63,2009,24.21
63,2010,25.32
63,2011,25.16
63,2012,24.96
63,2013,24.47
63,2014,25.29
63,2015,28.17
63,2016,27.23
63,2017,27.52
63,2018,28.59
63,2019,31.31
63,2020,40.44
63,2021,37.98
64,2000,60.06
64,2001,60.87
64,2002,63.59
64,2003,66.49
64,2004,66.55
64,2005,67.03
64,2006,66.76
64,2007,66.91
64,2008,67.84
64,2009,66.66
64,2010,68.49
64,2011,69.26
64,2012,68.78
64,2013,66.06
64,2014,68.35
64,2015,68.85
64,2016,64.3
64,2017,65.35
64,2018,65.72
64,2019,64.45
64,2020,63.74
64,2021,65.4
65,2000,95.51
65,2001,94.55
65,2002,94.49
65,2003,94.19
65,2004,94.09
65,2005,94.69
65,2006,94.51
65,2007,94.13
65,2008,94.06
65,2009,94.17
65,2010,94.11
65,2011,93.55
65,2012,93.26
65,2013,92.45
65,2014,91.45
65,2015,91.5
65,2016,90.45
65,2017,90.77
65,2018,89.97
65,2019,89.29
65,2020,90.72
65,2021,90.63
222,2000,1.39
222,2001,1.31
222,2002,1.02
222,2003,1.03
222,2004,1.01
222,2005,0.99
222,2006,0.96
222,2007,0.91
222,2008,2.46
222,2009,3.91
222,2010,3.8
222,2011,4.33
222,2012,4.82
222,2013,4.73
222,2014,4.85
222,2015,4.89
222,2016,5.44
222,2017,5.5
222,2018,5.04
222,2019,4.73
222,2020,4.2
222,2021,4.41
223,2000,2.77
223,2001,2.56
223,2002,3.4
223,2003,3.11
223,2004,3.42
223,2005,3.84
223,2006,4.3
223,2007,4.54
223,2008,4.51
223,2009,5.12
223,2010,3.38
223,2011,5.0
223,2012,4.7
223,2013,4.53
223,2014,6.54
223,2015,7.47
223,2016,6.32
223,2017,5.97
223,2018,5.86
223,2019,5.4
223,2020,5.28
223,2021,5.08
66,2000,50.06
66,2001,40.44
66,2002,48.98
66,2003,40.83
66,2004,35.72
66,2005,40.02
66,2006,39.07
66,2007,36.04
66,2008,42.13
66,2009,41.62
66,2010,27.95
66,2011,33.38
66,2012,33.26
66,2013,32.81
66,2014,33.17
66,2015,32.74
66,2016,27.68
66,2017,28.55
66,2018,25.8
66,2019,26.48
66,2020,31.79
66,2021,29.7
67,2000,31.68
67,2001,29.25
67,2002,29.52
67,2003,28.35
67,2004,31.1
67,2005,31.52
67,2006,31.25
67,2007,31.8
67,2008,34.61
67,2009,32.46
67,2010,33.42
67,2011,35.12
67,2012,38.7
67,2013,38.52
67,2014,41.25
67,2015,43.23
67,2016,42.37
67,2017,44.35
67,2018,44.25
67,2019,45.39
67,2020,47.3
67,2021,50.22
68,2000,9.27
68,2001,9.4
68,2002,8.68
68,2003,8.85
68,2004,8.9
68,2005,8.61
68,2006,8.47
68,2007,9.39
68,2008,10.54
68,2009,11.25
68,2010,11.93
68,2011,10.64
68,2012,12.34
68,2013,13.41
68,2014,13.15
68,2015,13.29
68,2016,14.22
68,2017,14.08
68,2018,15.17
68,2019,15.48
68,2020,16.81
68,2021,16.25
224,2000,23.84
224,2001,25.92
224,2002,30.37
224,2003,22.96
224,2004,26.4
224,2005,28.5
224,2006,33.88
224,2007,30.67
224,2008,35.05
224,2009,25.89
224,2010,29.4
69,2000,8.79
69,2001,6.74
69,2002,6.22
69,2003,7.19
69,2004,7.71
69,2005,7.98
69,2006,10.1
69,2007,9.76
69,2008,9.33
69,2009,9.32
69,2010,7.47
69,2011,6.89
69,2012,6.64
69,2013,6.49
69,2014,7.45
69,2015,7.83
69,2016,8.08
69,2017,8.07
69,2018,7.71
69,2019,7.65
69,2020,8.24
69,2021,7.44
70,2000,72.78
70,2001,72.42
70,2002,79.82
70,2003,83.63
70,2004,85.78
70,2005,85.25
70,2006,86.16
70,2007,87.35
70,2008,87.32
70,2009,87.94
70,2010,85.83
70,2011,79.7
70,2012,75.48
70,2013,82.18
70,2014,81.29
70,2015,81.94
70,2016,81.49
70,2017,90.25
70,2018,90.29
70,2019,90.23
70,2020,91.26
70,2021,91.27
71,2000,62.86
71,2001,59.61
71,2002,60.97
71,2003,62.41
71,2004,61.25
71,2005,61.71
71,2006,60.21
71,2007,57.27
71,2008,56.28
71,2009,53.91
71,2010,56.6
71,2011,56.24
71,2012,56.95
71,2013,59.33
71,2014,53.17
71,2015,48.95
71,2016,48.62
71,2017,48.02
71,2018,48.14
71,2019,47.39
71,2020,49.8
71,2021,48.58
72,2000,47.25
72,2001,53.15
72,2002,56.76
72,2003,55.33
72,2004,54.53
72,2005,41.48
72,2006,37.22
72,2007,36.22
72,2008,36.3
72,2009,36.72
72,2010,39.15
72,2011,31.53
72,2012,28.69
72,2013,32.41
72,2014,30.69
72,2015,27.54
72,2016,27.18
72,2017,27.52
72,2018,27.37
72,2019,24.69
72,2020,23.45
72,2021,25.18
73,2000,3.7
73,2001,3.9
73,2002,4.41
73,2003,5.44
73,2004,6.34
73,2005,7.28
73,2006,8.59
73,2007,10.47
73,2008,10.25
73,2009,10.72
73,2010,11.61
73,2011,12.54
73,2012,13.64
73,2013,13.63
73,2014,14.02
73,2015,14.55
73,2016,14.24
73,2017,15.22
73,2018,16.04
73,2019,17.07
73,2020,18.52
73,2021,17.61
74,2000,71.62
74,2001,69.32
74,2002,65.68
74,2003,64.47
74,2004,62.38
74,2005,61.43
74,2006,58.56
74,2007,54.53
74,2008,57.34
74,2009,51.9
74,2010,51.91
74,2011,50.09
74,2012,46.5
74,2013,46.19
74,2014,47.69
74,2015,44.02
74,2016,45.22
74,2017,45.28
74,2018,42.13
74,2019,42.6
74,2020,39.99
74,2021,39.05
75,2000,0.0
75,2001,0.0
75,2002,0.0
75,2003,0.0
75,2004,0.0
75,2005,0.0
75,2006,0.0
75,2007,0.0
75,2008,0.0
75,2009,0.0
75,2010,0.0
75,2011,0.0
75,2012,0.0
75,2013,0.0
75,2014,0.0
75,2015,0.0
75,2016,0.0
75,2017,0.0
75,2018,0.0
75,2019,0.0
75,2020,0.0
75,2021,0.0
76,2000,7.82
76,2001,7.11
76,2002,7.33
76,2003,7.6
76,2004,7.85
76,2005,8.01
76,2006,8.51
76,2007,8.05
76,2008,8.32
76,2009,9.18
76,2010,11.38
76,2011,11.38
76,2012,14.17
76,2013,16.61
76,2014,16.41
76,2015,17.47
76,2016,16.42
76,2017,16.4
76,2018,17.87
76,2019,18.54
76,2020,20.09
76,2021,21.47
77,2000,9.19
77,2001,8.73
77,2002,9.48
77,2003,9.47
77,2004,6.7
77,2005,6.99
77,2006,7.1
77,2007,6.89
77,2008,6.87
77,2009,8.8
77,2010,10.08
77,2011,10.2
77,2012,10.05
77,2013,11.15
77,2014,12.48
77,2015,13.1
77,2016,12.37
77,2017,11.35
77,2018,11.4
77,2019,10.87
77,2020,11.8
77,2021,11.64
78,2000,10.49
78,2001,10.42
78,2002,10.47
78,2003,10.43
78,2004,10.56
78,2005,10.58
78,2006,10.37
78,2007,9.89
78,2008,10.75
78,2009,10.52
78,2010,10.82
78,2011,11.37
78,2012,11.48
78,2013,10.83
78,2014,10.96
78,2015,10.54
78,2016,10.42
78,2017,10.19
78,2018,10.69
78,2019,10.37
78,2020,10.34
78,2021,10.22
225,2000,2.56
225,2001,2.43
225,2002,2.77
225,2003,2.83
225,2004,3.26
225,2005,4.18
225,2006,3.89
225,2007,4.22
225,2008,4.23
225,2009,3.71
225,2010,3.0
79,2000,0.41
79,2001,0.41
79,2002,0.45
79,2003,0.5
79,2004,0.46
79,2005,0.45
79,2006,0.45
79,2007,0.45
79,2008,0.45
79,2009,0.46
79,2010,0.47
79,2011,0.49
79,2012,0.53
79,2013,0.59
79,2014,0.67
79,2015,2.32
79,2016,4.38
79,2017,3.9
79,2018,4.49
79,2019,4.47
79,2020,4.58
79,2021,4.5
80,2000,62.66
80,2001,61.26
80,2002,63.76
80,2003,64.29
80,2004,66.1
80,2005,65.24
80,2006,64.73
80,2007,63.28
80,2008,66.51
80,2009,65.27
80,2010,67.08
80,2011,67.09
80,2012,67.36
80,2013,67.19
80,2014,66.25
80,2015,63.29
80,2016,63.24
80,2017,64.99
80,2018,64.02
80,2019,62.82
80,2020,65.46
80,2021,62.13
226,2000,0.0
226,2001,0.0
226,2002,0.0
226,2003,0.0
226,2004,0.0
226,2005,0.0
226,2006,0.0
226,2007,0.0
226,2008,0.0
226,2009,0.0
226,2010,0.0
226,2011,0.0
226,2012,0.0
226,2013,0.0
226,2014,0.0
226,2015,0.0
226,2016,0.0
226,2017,0.0
226,2018,0.2
226,2019,0.07
226,2020,1.59
226,2021,1.47
81,2000,85.52
81,2001,84.84
81,2002,84.27
81,2003,83.47
81,2004,83.19
81,2005,81.56
81,2006,81.06
81,2007,80.36
81,2008,80.15
81,2009,79.25
81,2010,75.71
81,2011,74.75
81,2012,76.36
81,2013,78.53
81,2014,78.57
81,2015,76.23
81,2016,75.29
81,2017,71.96
81,2018,73.22
81,2019,68.27
81,2020,65.8
81,2021,66.85
82,2000,91.24
82,2001,91.21
82,2002,91.04
82,2003,89.05
82,2004,88.55
82,2005,88.53
82,2006,88.29
82,2007,87.9
82,2008,88.42
82,2009,87.89
82,2010,87.81
82,2011,87.87
82,2012,87.81
82,2013,87.71
82,2014,87.28
82,2015,87.15
82,2016,86.77
82,2017,86.75
82,2018,86.59
82,2019,86.2
82,2020,87.22
82,2021,87.37
83,2000,30.42
83,2001,31.03
83,2002,34.24
83,2003,34.65
83,2004,35.51
83,2005,34.69
83,2006,36.82
83,2007,33.14
83,2008,32.57
83,2009,31.3
83,2010,30.62
83,2011,32.81
83,2012,28.71
83,2013,26.85
83,2014,24.02
83,2015,24.95
83,2016,21.34
83,2017,22.12
83,2018,16.77
83,2019,11.31
83,2020,12.03
83,2021,13.2
84,2000,80.85
84,2001,80.88
84,2002,79.08
84,2003,79.02
84,2004,81.11
84,2005,81.11
84,2006,81.37
84,2007,79.26
84,2008,79.64
84,2009,80.33
84,2010,78.99
84,2011,79.01
84,2012,82.19
84,2013,80.39
84,2014,77.77
84,2015,76.12
84,2016,76.13
84,2017,76.17
84,2018,76.25
84,2019,76.37
84,2020,76.35
84,2021,76.72
85,2000,55.24
85,2001,50.4
85,2002,49.76
85,2003,47.94
85,2004,46.7
85,2005,51.37
85,2006,52.22
85,2007,50.57
85,2008,49.97
85,2009,50.45
85,2010,53.63
85,2011,50.88
85,2012,49.34
85,2013,51.06
85,2014,52.18
85,2015,50.76
85,2016,52.68
85,2017,45.63
85,2018,48.86
85,2019,46.2
85,2020,50.16
85,2021,45.91
86,2000,0.05
86,2001,0.06
86,2002,0.08
86,2003,0.08
86,2004,0.09
86,2005,0.08
86,2006,0.07
86,2007,0.1
86,2008,0.13
86,2009,0.11
86,2010,0.15
86,2011,0.48
86,2012,0.17
86,2013,0.26
86,2014,0.23
86,2015,0.2
86,2016,0.16
86,2017,0.2
86,2018,0.23
86,2019,0.23
86,2020,0.33
86,2021,0.42
87,2000,5.17
87,2001,5.12
87,2002,5.17
87,2003,5.01
87,2004,4.63
87,2005,7.29
87,2006,7.86
87,2007,9.0
87,2008,8.96
87,2009,12.29
87,2010,13.46
87,2011,14.74
87,2012,16.47
87,2013,17.18
87,2014,15.72
87,2015,15.6
87,2016,15.34
87,2017,14.55
87,2018,13.6
87,2019,13.64
87,2020,14.76
87,2021,15.3
88,2000,60.68
88,2001,62.14
88,2002,61.87
88,2003,61.9
88,2004,61.9
88,2005,62.72
88,2006,64.2
88,2007,67.6
88,2008,73.96
88,2009,74.68
88,2010,75.96
88,2011,77.06
88,2012,77.69
88,2013,76.85
88,2014,77.58
88,2015,78.03
88,2016,80.91
88,2017,80.79
88,2018,81.36
88,2019,81.67
88,2020,82.92
88,2021,82.43
89,2000,46.88
89,2001,47.11
89,2002,45.75
89,2003,45.63
89,2004,44.92
89,2005,44.16
89,2006,43.16
89,2007,41.53
89,2008,39.37
89,2009,37.41
89,2010,36.18
89,2011,35.03
89,2012,34.76
89,2013,34.86
89,2014,33.85
89,2015,33.39
89,2016,33.0
89,2017,32.55
89,2018,32.93
89,2019,33.46
89,2020,36.09
89,2021,34.92
90,2000,45.63
90,2001,44.33
90,2002,44.66
90,2003,43.0
90,2004,41.46
90,2005,41.57
90,2006,40.07
90,2007,40.01
90,2008,41.12
90,2009,38.18
90,2010,35.96
90,2011,32.41
90,2012,30.11
90,2013,30.65
90,2014,29.31
90,2015,26.6
90,2016,27.75
90,2017,25.17
90,2018,22.04
90,2019,19.75
90,2020,21.91
90,2021,20.19
91,2000,0.44
91,2001,0.52
91,2002,0.67
91,2003,0.83
91,2004,0.74
91,2005,1.4
91,2006,1.4
91,2007,1.3
91,2008,0.7
91,2009,0.78
91,2010,0.9
91,2011,0.92
91,2012,0.93
91,2013,0.99
91,2014,0.93
91,2015,0.91
91,2016,1.04
91,2017,0.98
91,2018,1.04
91,2019,0.96
91,2020,0.92
91,2021,0.91
92,2000,0.36
92,2001,0.35
92,2002,0.31
92,2003,0.35
92,2004,0.36
92,2005,2.43
92,2006,2.56
92,2007,2.0
92,2008,1.15
92,2009,1.21
92,2010,1.67
92,2011,1.14
92,2012,1.3
92,2013,1.46
92,2014,1.0
92,2015,0.82
92,2016,0.87
92,2017,0.53
92,2018,0.46
92,2019,0.92
92,2020,1.11
92,2021,1.1
93,2000,2.03
93,2001,1.97
93,2002,2.25
93,2003,2.01
93,2004,2.31
93,2005,2.89
93,2006,3.23
93,2007,3.55
93,2008,4.19
93,2009,5.29
93,2010,5.29
93,2011,6.96
93,2012,6.9
93,2013,7.71
93,2014,8.78
93,2015,9.52
93,2016,8.61
93,2017,10.11
93,2018,10.83
93,2019,12.33
93,2020,13.67
93,2021,12.69
94,2002,1.48
94,2003,1.12
94,2004,6.28
94,2005,2.68
94,2006,3.27
94,2007,1.94
94,2008,1.31
94,2009,1.87
94,2010,1.93
94,2011,2.85
94,2012,3.5
94,2013,2.06
94,2014,1.85
94,2015,2.17
94,2016,1.91
94,2017,1.88
94,2018,2.04
94,2019,1.9
94,2020,2.03
94,2021,3.16
95,2000,5.96
95,2001,6.3
95,2002,6.5
95,2003,6.52
95,2004,6.73
95,2005,7.03
95,2006,6.86
95,2007,6.72
95,2008,8.9
95,2009,8.46
95,2010,8.55
95,2011,9.08
95,2012,2.88
95,2013,3.27
95,2014,3.7
95,2015,3.74
95,2016,3.99
95,2017,3.89
95,2018,3.84
95,2019,4.49
95,2020,5.61
95,2021,6.2
96,2000,5.12
96,2001,5.38
96,2002,5.6
96,2003,6.24
96,2004,5.94
96,2005,6.7
96,2006,7.51
96,2007,8.73
96,2008,10.82
96,2009,12.54
96,2010,12.79
96,2011,11.9
96,2012,14.39
96,2013,16.32
96,2014,17.13
96,2015,16.57
96,2016,16.09
96,2017,16.43
96,2018,17.08
96,2019,17.27
96,2020,18.69
96,2021,17.54
97,2000,9.34
97,2001,7.91
97,2002,8.03
97,2003,8.14
97,2004,6.36
97,2005,5.39
97,2006,4.79
97,2007,5.31
97,2008,5.93
97,2009,7.42
97,2010,8.9
97,2011,9.84
97,2012,12.16
97,2013,11.39
97,2014,11.88
97,2015,12.12
97,2016,11.13
97,2017,10.98
97,2018,8.88
97,2019,9.2
97,2020,11.74
97,2021,10.49
98,2000,3.7
98,2001,3.5
98,2002,3.71
98,2003,4.19
98,2004,4.26
98,2005,4.01
98,2006,4.43
98,2007,4.28
98,2008,4.44
98,2009,4.51
98,2010,4.66
98,2011,4.82
98,2012,4.68
98,2013,5.05
98,2014,5.57
98,2015,6.16
98,2016,6.38
98,2017,6.92
98,2018,7.26
98,2019,7.77
98,2020,8.48
98,2021,8.84
227,2000,0.0
227,2001,0.0
227,2002,4.2
227,2003,11.58
227,2004,5.36
227,2005,7.46
227,2006,7.36
227,2007,2.78
227,2008,7.34
227,2009,4.3
227,2010,4.44
227,2011,14.89
227,2012,6.89
227,2013,3.89
227,2014,6.34
227,2015,15.9
227,2016,12.4
227,2017,17.27
227,2018,17.73
227,2019,18.17
227,2020,19.61
227,2021,18.74
99,2000,2.09
99,2001,2.12
99,2002,2.09
99,2003,1.98
99,2004,1.83
99,2005,1.69
99,2006,2.28
99,2007,2.32
99,2008,2.74
99,2009,2.78
99,2010,2.95
99,2011,3.0
99,2012,2.91
99,2013,3.12
99,2014,3.1
99,2015,3.19
99,2016,4.67
99,2017,5.26
99,2018,7.17
99,2019,8.46
99,2020,10.65
99,2021,11.5
100,2000,2.5
100,2001,2.41
100,2002,2.77
100,2003,2.28
100,2004,1.89
100,2005,2.09
100,2006,2.13
100,2007,1.83
100,2008,1.15
100,2009,1.31
100,2010,1.38
100,2011,1.38
100,2012,1.33
100,2013,1.16
100,2014,1.34
100,2015,1.72
100,2016,2.07
100,2017,2.01
100,2018,1.88
100,2019,1.85
100,2020,1.78
100,2021,1.99
101,2000,76.82
101,2001,78.32
101,2002,78.8
101,2003,81.62
101,2004,80.31
101,2005,79.21
101,2006,77.61
101,2007,78.15
101,2008,78.15
101,2009,75.64
101,2010,74.05
101,2011,74.67
101,2012,76.15
101,2013,74.31
101,2014,71.85
101,2015,69.25
101,2016,68.27
101,2017,68.07
101,2018,68.66
101,2019,68.13
101,2020,69.04
101,2021,67.67
102,2000,54.73
102,2001,56.39
102,2002,53.05
102,2003,50.52
102,2004,50.55
102,2005,48.51
102,2006,48.12
102,2007,48.42
102,2008,49.74
102,2009,50.44
102,2010,50.14
102,2011,50.52
102,2012,48.73
102,2013,46.16
102,2014,47.98
102,2015,47.48
102,2016,48.1
102,2017,42.51
102,2018,42.31
102,2019,42.19
102,2020,42.24
102,2021,42.23
103,2000,28.27
103,2001,23.91
103,2002,24.09
103,2003,23.8
103,2004,24.11
103,2005,22.9
103,2006,22.13
103,2007,21.18
103,2008,20.56
103,2009,20.85
103,2010,20.82
103,2011,19.75
103,2012,20.89
103,2013,20.93
103,2014,21.38
103,2015,20.37
103,2016,26.52
103,2017,25.26
103,2018,27.0
103,2019,26.09
103,2020,25.91
103,2021,23.99
104,2000,0.0
104,2001,0.0
104,2002,0.0
104,2003,0.0
104,2004,0.0
104,2005,0.0
104,2006,0.0
104,2007,0.0
104,2008,0.0
104,2009,0.0
104,2010,0.0
104,2011,0.0
104,2012,0.0
104,2013,0.0
104,2014,0.0
104,2015,0.01
104,2016,0.01
104,2017,0.02
104,2018,0.03
104,2019,0.06
104,2020,0.09
104,2021,0.07
105,2000,35.16
105,2001,36.0
105,2002,28.3
105,2003,30.51
105,2004,27.71
105,2005,28.03
105,2006,27.76
105,2007,24.49
105,2008,22.04
105,2009,24.73
105,2010,25.59
105,2011,25.95
105,2012,22.45
105,2013,24.81
105,2014,26.6
105,2015,23.51
105,2016,22.16
105,2017,24.73
105,2018,23.39
105,2019,28.31
105,2020,30.04
105,2021,27.63
106,2000,81.54
106,2001,81.09
106,2002,80.19
106,2003,78.74
106,2004,73.98
106,2005,73.93
106,2006,69.81
106,2007,70.67
106,2008,69.27
106,2009,66.45
106,2010,64.85
106,2011,63.63
106,2012,62.36
106,2013,58.57
106,2014,58.25
106,2015,53.27
106,2016,51.7
106,2017,50.58
106,2018,50.21
106,2019,50.52
106,2020,50.62
106,2021,51.53
107,2000,35.82
107,2001,35.35
107,2002,34.38
107,2003,34.34
107,2004,36.11
107,2005,36.3
107,2006,34.0
107,2007,33.08
107,2008,33.71
107,2009,38.4
107,2010,33.07
107,2011,35.54
107,2012,40.37
107,2013,39.6
107,2014,40.24
107,2015,38.1
107,2016,38.48
107,2017,42.6
107,2018,40.97
107,2019,41.48
107,2020,43.75
107,2021,43.99
108,2000,4.88
108,2001,4.56
108,2002,5.74
108,2003,7.0
108,2004,6.12
108,2005,6.43
108,2006,6.44
108,2007,7.33
108,2008,5.14
108,2009,4.31
108,2010,5.7
108,2011,6.18
108,2012,5.56
108,2013,5.92
108,2014,4.25
108,2015,4.17
108,2016,3.96
108,2017,3.97
108,2018,4.74
108,2019,5.13
108,2020,6.27
108,2021,6.82
109,2000,56.7
109,2001,56.5
109,2002,56.16
109,2003,55.94
109,2004,55.41
109,2005,55.31
109,2006,55.46
109,2007,55.33
109,2008,54.99
109,2009,53.98
109,2010,52.99
109,2011,42.32
109,2012,40.8
109,2013,46.1
109,2014,43.22
109,2015,46.05
109,2016,45.07
109,2017,41.48
109,2018,42.52
109,2019,41.64
109,2020,43.21
109,2021,33.63
110,2000,91.34
110,2001,91.57
110,2002,91.14
110,2003,90.35
110,2004,89.56
110,2005,87.76
110,2006,87.59
110,2007,89.83
110,2008,91.84
110,2009,91.81
110,2010,88.58
110,2011,87.09
110,2012,86.2
110,2013,87.53
110,2014,91.16
110,2015,91.93
110,2016,92.78
110,2017,93.56
110,2018,94.42
110,2019,89.71
110,2020,92.96
110,2021,93.19
111,2000,2.05
111,2001,2.94
111,2002,2.89
111,2003,2.89
111,2004,2.79
111,2005,2.69
111,2006,2.89
111,2007,3.07
111,2008,2.9
111,2009,2.64
111,2010,2.5
111,2011,3.22
111,2012,2.6
111,2013,2.36
111,2014,2.31
111,2015,2.94
111,2016,2.77
111,2017,2.93
111,2018,2.94
111,2019,2.99
111,2020,3.21
111,2021,3.12
112,2000,53.95
112,2001,51.59
112,2002,51.26
112,2003,50.24
112,2004,50.31
112,2005,49.87
112,2006,50.84
112,2007,53.36
112,2008,52.96
112,2009,55.15
112,2010,52.31
112,2011,55.26
112,2012,55.5
112,2013,53.53
112,2014,54.97
112,2015,55.53
112,2016,55.82
112,2017,55.33
112,2018,56.81
112,2019,56.13
112,2020,55.21
112,2021,53.61
113,2000,17.19
113,2001,17.59
113,2002,17.89
113,2003,18.07
113,2004,18.07
113,2005,17.51
113,2006,17.46
113,2007,17.06
113,2008,18.34
113,2009,20.09
113,2010,21.46
113,2011,22.74
113,2012,23.92
113,2013,26.34
113,2014,27.73
113,2015,28.96
113,2016,31.47
113,2017,33.78
113,2018,33.73
113,2019,33.54
113,2020,31.7
113,2021,33.22
114,2000,6.81
114,2001,3.42
114,2002,1.32
114,2003,1.28
114,2004,1.35
114,2005,1.87
114,2006,2.08
114,2007,3.64
114,2008,3.96
114,2009,3.73
114,2010,3.68
114,2011,3.76
114,2012,4.15
114,2013,5.71
114,2014,6.85
114,2015,9.09
114,2016,13.5
114,2017,15.32
114,2018,16.05
114,2019,16.45
114,2020,20.76
114,2021,20.51
115,2000,0.19
115,2001,0.89
115,2002,1.38
115,2003,2.44
115,2004,2.52
115,2005,2.28
115,2006,2.84
115,2007,3.42
115,2008,4.66
115,2009,2.97
115,2010,5.49
115,2011,6.37
115,2012,11.13
115,2013,16.61
115,2014,11.45
115,2015,5.41
115,2016,5.38
115,2017,3.87
115,2018,8.43
115,2019,8.43
115,2020,11.03
115,2021,13.61
116,2000,82.17
116,2001,84.13
116,2002,87.23
116,2003,84.79
116,2004,84.32
116,2005,84.89
116,2006,85.9
116,2007,86.23
116,2008,86.39
116,2009,87.21
116,2010,86.73
116,2011,84.51
116,2012,83.31
116,2013,81.4
116,2014,82.17
116,2015,83.92
116,2016,83.85
116,2017,81.88
116,2018,84.17
116,2019,82.5
116,2020,84.73
116,2021,83.61
117,2000,82.62
117,2001,83.13
117,2002,83.3
117,2003,82.83
117,2004,82.45
117,2005,83.17
117,2006,82.8
117,2007,82.21
117,2008,80.39
117,2009,80.01
117,2010,81.21
117,2011,80.17
117,2012,80.2
117,2013,79.76
117,2014,82.78
117,2015,80.98
117,2016,78.91
117,2017,76.92
117,2018,73.19
117,2019,70.86
117,2020,71.51
117,2021,71.08
118,2000,4.41
118,2001,4.23
118,2002,3.54
118,2003,3.31
118,2004,3.21
118,2005,3.0
118,2006,3.12
118,2007,2.84
118,2008,3.04
118,2009,2.27
118,2010,1.96
118,2011,2.16
118,2012,2.52
118,2013,2.75
118,2014,3.03
118,2015,3.41
118,2016,4.44
118,2017,5.23
118,2018,5.32
118,2019,5.65
118,2020,6.99
118,2021,7.48
119,2000,2.34
119,2001,2.26
119,2002,1.78
119,2003,2.22
119,2004,1.67
119,2005,1.95
119,2006,1.63
119,2007,1.52
119,2008,1.53
119,2009,1.52
119,2010,1.36
119,2011,1.33
119,2012,1.22
119,2013,1.26
119,2014,1.2
119,2015,1.47
119,2016,1.25
119,2017,1.3
119,2018,1.31
119,2019,1.27
119,2020,1.61
119,2021,1.38
120,2000,83.47
120,2001,82.1
120,2002,83.58
120,2003,85.79
120,2004,81.53
120,2005,82.33
120,2006,81.65
120,2007,78.87
120,2008,75.0
120,2009,78.69
120,2010,83.98
120,2011,83.64
120,2012,81.23
120,2013,84.77
120,2014,84.59
120,2015,81.18
120,2016,77.87
120,2017,76.96
120,2018,77.24
120,2019,74.91
120,2020,72.79
120,2021,71.16
121,2000,0.0
121,2001,0.0
121,2002,0.09
121,2003,0.1
121,2004,0.12
121,2005,0.14
121,2006,0.17
121,2007,0.2
121,2008,0.22
121,2009,0.26
121,2010,1.22
121,2011,1.97
121,2012,2.67
121,2013,3.24
121,2014,4.48
121,2015,5.98
121,2016,9.24
121,2017,7.27
121,2018,7.56
121,2019,7.43
121,2020,9.21
121,2021,8.62
122,2000,19.57
122,2001,19.08
122,2002,18.63
122,2003,18.56
122,2004,18.4
122,2005,18.38
122,2006,16.96
122,2007,15.21
122,2008,14.78
122,2009,13.96
122,2010,13.72
122,2011,12.35
122,2012,12.03
122,2013,12.37
122,2014,12.15
122,2015,11.72
122,2016,12.13
122,2017,12.01
122,2018,12.03
122,2019,12.08
122,2020,11.97
122,2021,12.06
228,2000,1.68
228,2001,1.63
228,2002,1.65
228,2003,1.68
228,2004,1.73
228,2005,1.8
228,2006,1.82
228,2007,2.35
228,2008,2.32
228,2009,2.44
228,2010,2.54
123,2000,44.41
123,2001,44.18
123,2002,42.13
123,2003,40.17
123,2004,38.59
123,2005,38.77
123,2006,39.12
123,2007,35.63
123,2008,35.8
123,2009,33.43
123,2010,34.0
123,2011,33.28
123,2012,31.86
123,2013,35.08
123,2014,30.99
123,2015,28.26
123,2016,31.72
123,2017,25.47
123,2018,21.56
123,2019,21.19
123,2020,20.92
123,2021,22.08
124,2000,20.42
124,2001,20.08
124,2002,17.93
124,2003,18.9
124,2004,19.08
124,2005,17.65
124,2006,16.41
124,2007,15.69
124,2008,12.73
124,2009,12.78
124,2010,12.77
124,2011,12.01
124,2012,11.45
124,2013,11.39
124,2014,10.59
124,2015,11.49
124,2016,10.33
124,2017,9.42
124,2018,9.19
124,2019,8.94
124,2020,9.43
124,2021,8.61
229,2000,16.17
229,2001,15.37
229,2002,14.92
229,2003,14.14
229,2004,13.35
229,2005,11.45
229,2006,10.97
229,2007,10.38
229,2008,9.7
229,2009,9.45
229,2010,9.96
125,2000,12.17
125,2001,11.34
125,2002,10.68
125,2003,10.17
125,2004,10.21
125,2005,10.31
125,2006,9.82
125,2007,9.46
125,2008,9.77
125,2009,9.17
125,2010,9.36
125,2011,9.07
125,2012,8.97
125,2013,9.23
125,2014,9.76
125,2015,9.19
125,2016,9.22
125,2017,10.05
125,2018,10.26
125,2019,10.26
125,2020,12.26
125,2021,12.97
126,2000,1.27
126,2001,1.41
126,2002,1.6
126,2003,0.86
126,2004,1.02
126,2005,1.35
126,2006,1.37
126,2007,1.2
126,2008,1.44
126,2009,1.15
126,2010,1.95
126,2011,1.57
126,2012,1.42
126,2013,1.41
126,2014,1.51
126,2015,1.71
126,2016,1.87
126,2017,1.72
126,2018,2.0
126,2019,1.98
126,2020,2.03
126,2021,2.08
127,2000,5.72
127,2001,5.6
127,2002,5.83
127,2003,5.92
127,2004,4.85
127,2005,4.27
127,2006,4.98
127,2007,4.44
127,2008,4.93
127,2009,4.84
127,2010,20.01
127,2011,20.37
127,2012,22.14
127,2013,23.82
127,2014,24.31
127,2015,24.73
127,2016,25.3
127,2017,26.07
127,2018,25.31
127,2019,22.02
127,2020,22.27
127,2021,21.43
129,2000,5.73
129,2001,6.09
129,2002,6.51
129,2003,6.09
129,2004,5.76
129,2005,5.34
129,2006,4.48
129,2007,4.7
129,2008,4.66
129,2009,4.43
129,2010,4.46
129,2011,4.04
129,2012,2.97
129,2013,3.01
129,2014,3.34
129,2015,3.55
129,2016,3.39
129,2017,1.82
129,2018,2.07
129,2019,2.29
129,2020,2.86
129,2021,3.03
130,2005,47.61
130,2006,44.83
130,2007,42.27
130,2008,38.76
130,2009,49.16
130,2010,49.09
130,2011,42.77
130,2012,45.86
130,2013,49.34
130,2014,45.95
130,2015,42.96
130,2016,43.89
130,2017,37.77
130,2018,40.6
130,2019,38.74
130,2020,39.56
130,2021,39.64
230,2000,0.0
230,2001,0.0
230,2002,0.0
230,2003,0.0
230,2004,0.0
230,2005,0.0
230,2006,0.0
230,2007,0.0
230,2008,0.0
230,2009,0.0
230,2010,0.0
230,2011,0.0
230,2012,0.0
230,2013,0.0
230,2014,0.0
230,2015,0.0
230,2016,0.0
230,2017,0.0
230,2018,0.0
230,2019,0.43
230,2020,0.66
230,2021,2.12
131,2000,15.54
131,2001,15.3
131,2002,15.14
131,2003,16.06
131,2004,22.35
131,2005,20.0
131,2006,18.22
131,2007,16.55
131,2008,14.44
131,2009,14.17
131,2010,13.87
131,2011,11.83
131,2012,10.91
131,2013,11.59
131,2014,11.14
131,2015,11.24
131,2016,11.07
131,2017,10.45
131,2018,10.86
131,2019,10.65
131,2020,11.11
131,2021,10.9
132,2000,93.64
132,2001,93.01
132,2002,93.22
132,2003,92.73
132,2004,92.94
132,2005,93.67
132,2006,93.06
132,2007,87.53
132,2008,88.11
132,2009,86.12
132,2010,84.89
132,2011,85.43
132,2012,84.52
132,2013,83.12
132,2014,81.19
132,2015,80.06
132,2016,77.38
132,2017,78.15
132,2018,78.96
132,2019,77.47
132,2020,80.15
132,2021,76.86
133,2000,80.17
133,2001,82.48
133,2002,83.05
133,2003,79.86
133,2004,80.25
133,2005,79.58
133,2006,81.32
133,2007,80.5
133,2008,85.62
133,2009,85.77
133,2010,84.63
133,2011,83.77
133,2012,78.08
133,2013,75.55
133,2014,71.99
133,2015,69.97
133,2016,68.8
133,2017,59.45
133,2018,59.41
133,2019,58.47
133,2020,59.23
133,2021,62.86
134,2000,34.78
134,2001,30.37
134,2002,33.76
134,2003,33.32
134,2004,34.82
134,2005,34.58
134,2006,35.76
134,2007,36.54
134,2008,32.5
134,2009,33.37
134,2010,31.21
134,2011,31.62
134,2012,31.87
134,2013,30.7
134,2014,30.19
134,2015,29.32
134,2016,29.21
134,2017,30.21
134,2018,30.85
134,2019,30.22
134,2020,31.17
134,2021,29.99
135,2000,0.0
135,2001,0.0
135,2002,0.0
135,2003,0.0
135,2004,0.0
135,2005,0.0
135,2006,0.07
135,2007,0.08
135,2008,0.08
135,2009,0.04
135,2010,0.03
135,2011,0.05
135,2012,0.07
135,2013,0.06
135,2014,0.05
135,2015,0.1
135,2016,0.18
135,2017,0.6
135,2018,0.66
135,2019,0.59
135,2020,1.34
135,2021,1.65
136,2000,88.29
136,2001,87.76
136,2002,89.95
136,2003,89.44
136,2004,90.3
136,2005,89.52
136,2006,91.25
136,2007,91.31
136,2008,90.47
136,2009,88.93
136,2010,87.29
136,2011,86.95
136,2012,84.72
136,2013,86.01
136,2014,84.04
136,2015,85.23
136,2016,79.45
136,2017,76.77
136,2018,74.98
136,2019,78.25
136,2020,73.09
136,2021,73.72
137,2000,1.73
137,2001,1.76
137,2002,1.91
137,2003,1.9
137,2004,2.22
137,2005,2.74
137,2006,3.11
137,2007,3.68
137,2008,3.94
137,2009,4.38
137,2010,3.85
137,2011,4.69
137,2012,4.9
137,2013,4.96
137,2014,5.57
137,2015,5.78
137,2016,5.6
137,2017,6.4
137,2018,7.42
137,2019,8.6
137,2020,10.72
137,2021,12.22
138,2000,7.54
138,2001,6.72
138,2002,5.28
138,2003,4.93
138,2004,5.2
138,2005,5.08
138,2006,4.52
138,2007,5.82
138,2008,7.78
138,2009,6.95
138,2010,4.85
138,2011,5.93
138,2012,6.17
138,2013,6.56
138,2014,4.29
138,2015,5.09
138,2016,3.7
138,2017,5.1
138,2018,4.63
138,2019,5.24
138,2020,6.06
138,2021,8.33
139,2000,26.44
139,2001,24.63
139,2002,26.56
139,2003,25.9
139,2004,28.2
139,2005,26.79
139,2006,27.0
139,2007,27.05
139,2008,26.14
139,2009,28.47
139,2010,29.37
139,2011,30.3
139,2012,28.75
139,2013,28.28
139,2014,28.98
139,2015,29.31
139,2016,30.08
139,2017,28.39
139,2018,28.93
139,2019,28.04
139,2020,28.73
139,2021,28.85
140,2000,58.42
140,2001,56.66
140,2002,54.67
140,2003,51.49
140,2004,51.17
140,2005,52.76
140,2006,53.29
140,2007,52.61
140,2008,53.77
140,2009,54.56
140,2010,54.44
140,2011,53.3
140,2012,53.27
140,2013,54.28
140,2014,53.02
140,2015,50.0
140,2016,49.53
140,2017,48.91
140,2018,51.31
140,2019,50.46
140,2020,52.25
140,2021,50.36
141,2000,87.62
141,2001,87.7
141,2002,87.74
141,2003,86.97
141,2004,86.99
141,2005,87.54
141,2006,87.43
141,2007,86.17
141,2008,86.06
141,2009,83.25
141,2010,80.67
141,2011,77.23
141,2012,72.71
141,2013,78.7
141,2014,78.08
141,2015,78.88
141,2016,80.25
141,2017,82.01
141,2018,81.97
141,2019,80.73
141,2020,81.91
141,2021,79.58
142,2000,86.04
142,2001,84.54
142,2002,84.53
142,2003,82.88
142,2004,83.98
142,2005,83.92
142,2006,85.79
142,2007,87.06
142,2008,85.72
142,2009,88.12
142,2010,85.98
142,2011,84.1
142,2012,83.87
142,2013,81.36
142,2014,79.86
142,2015,81.31
142,2016,81.12
142,2017,81.56
142,2018,80.76
142,2019,80.08
142,2020,81.81
142,2021,80.31
218,2000,0.6
218,2001,0.58
218,2002,0.63
218,2003,0.71
218,2004,0.79
218,2005,0.83
218,2006,0.78
218,2007,0.95
218,2008,0.57
218,2009,0.86
218,2010,1.37
218,2011,1.27
218,2012,1.19
218,2013,1.17
218,2014,1.16
218,2015,1.11
218,2016,1.05
218,2017,1.06
218,2018,3.02
218,2019,3.01
218,2020,3.08
218,2021,3.01
143,2000,8.72
143,2001,8.62
143,2002,9.02
143,2003,9.26
143,2004,9.37
143,2005,9.23
143,2006,8.96
143,2007,10.9
143,2008,10.19
143,2009,10.36
143,2010,11.01
143,2011,14.79
143,2012,15.41
143,2013,20.83
143,2014,18.5
143,2015,22.64
143,2016,24.02
143,2017,10.22
143,2018,11.89
143,2019,10.04
143,2020,11.15
143,2021,14.72
144,2000,19.38
144,2001,15.17
144,2002,14.63
144,2003,17.29
144,2004,18.2
144,2005,19.03
144,2006,19.8
144,2007,15.71
144,2008,15.61
144,2009,18.43
144,2010,22.3
144,2011,18.62
144,2012,18.27
144,2013,21.16
144,2014,21.19
144,2015,23.91
144,2016,21.37
144,2017,19.0
144,2018,20.87
144,2019,17.05
144,2020,20.02
144,2021,19.48
145,2000,0.0
145,2001,0.0
145,2002,0.0
145,2003,0.0
145,2004,0.0
145,2005,0.0
145,2006,0.0
145,2007,0.0
145,2008,0.0
145,2009,0.0
145,2010,0.0
145,2011,0.0
145,2012,0.0
145,2013,0.0
145,2014,0.0
145,2015,0.0
145,2016,0.0
145,2017,0.0
145,2018,0.0
145,2019,0.0
145,2020,0.32
145,2021,0.48
146,2000,60.18
146,2001,59.59
146,2002,59.47
146,2003,56.23
146,2004,56.85
146,2005,58.56
146,2006,57.02
146,2007,57.36
146,2008,58.45
146,2009,56.68
146,2010,56.0
146,2011,55.98
146,2012,56.94
146,2013,56.6
146,2014,55.75
146,2015,56.54
146,2016,57.68
146,2017,58.85
146,2018,58.93
146,2019,59.83
146,2020,60.85
146,2021,61.36
147,2000,0.0
147,2001,0.0
147,2002,0.0
147,2003,0.0
147,2004,0.0
147,2005,0.0
147,2006,0.0
147,2007,0.0
147,2008,0.0
147,2009,0.0
147,2010,0.0
147,2011,0.0
147,2012,0.0
147,2013,0.0
147,2014,0.0
147,2015,0.0
147,2016,0.0
147,2017,0.01
147,2018,0.01
147,2019,0.01
147,2020,0.08
147,2021,0.1
148,2000,51.05
148,2001,51.54
148,2002,51.39
148,2003,50.09
148,2004,47.93
148,2005,47.96
148,2006,47.04
148,2007,44.85
148,2008,46.63
148,2009,46.43
148,2010,47.4
148,2011,46.76
148,2012,47.2
148,2013,48.13
148,2014,47.22
148,2015,45.88
148,2016,43.69
148,2017,42.1
148,2018,43.36
148,2019,45.88
148,2020,42.7
148,2021,41.56
149,2000,0.0
149,2001,0.0
149,2002,0.0
149,2003,0.0
149,2004,0.0
149,2005,0.0
149,2006,0.0
149,2007,0.0
149,2008,0.0
149,2009,0.0
149,2010,0.0
149,2011,0.0
149,2012,0.0
149,2013,0.0
149,2014,0.27
149,2015,0.37
149,2016,0.57
149,2017,0.56
149,2018,0.59
149,2019,0.86
149,2020,0.87
149,2021,0.87
150,2000,17.52
150,2001,17.12
150,2002,21.8
150,2003,21.68
150,2004,23.08
150,2005,22.78
150,2006,18.08
150,2007,20.48
150,2008,20.1
150,2009,16.54
150,2010,14.06
150,2011,15.42
150,2012,12.24
150,2013,11.74
150,2014,10.76
150,2015,10.99
150,2016,12.32
150,2017,10.51
150,2018,12.73
150,2019,13.86
150,2020,15.02
150,2021,15.4
151,2000,27.67
151,2001,24.04
151,2002,28.71
151,2003,27.45
151,2004,28.21
151,2005,22.77
151,2006,22.09
151,2007,22.79
151,2008,23.36
151,2009,20.37
151,2010,20.65
151,2011,19.73
151,2012,21.25
151,2013,20.71
151,2014,19.8
151,2015,21.95
151,2016,22.14
151,2017,23.65
151,2018,24.49
151,2019,18.98
151,2020,28.53
151,2021,27.96
152,2000,66.38
152,2001,63.44
152,2002,62.49
152,2003,60.4
152,2004,57.48
152,2005,58.56
152,2006,58.86
152,2007,57.13
152,2008,56.93
152,2009,56.02
152,2010,55.25
152,2011,54.73
152,2012,55.45
152,2013,58.34
152,2014,56.93
152,2015,55.33
152,2016,54.81
152,2017,54.68
152,2018,53.38
152,2019,53.18
152,2020,53.62
152,2021,54.5
153,2000,70.41
153,2001,69.84
153,2002,67.68
153,2003,67.05
153,2004,66.75
153,2005,68.81
153,2006,66.46
153,2007,68.44
153,2008,65.81
153,2009,65.36
153,2010,63.61
153,2011,62.46
153,2012,63.43
153,2013,62.55
153,2014,62.54
153,2015,60.51
153,2016,62.49
153,2017,60.12
153,2018,59.24
153,2019,60.09
153,2020,61.45
153,2021,58.82
154,2000,38.57
154,2001,41.23
154,2002,40.21
154,2003,40.91
154,2004,37.83
154,2005,38.35
154,2006,38.7
154,2007,36.05
154,2008,33.71
154,2009,32.92
154,2010,32.17
154,2011,30.63
154,2012,30.8
154,2013,28.35
154,2014,28.56
154,2015,27.43
154,2016,27.2
154,2017,27.59
154,2018,27.89
154,2019,27.14
154,2020,31.62
154,2021,30.56
155,2000,33.94
155,2001,32.89
155,2002,31.83
155,2003,30.9
155,2004,30.21
155,2005,31.31
155,2006,33.28
155,2007,32.39
155,2008,33.85
155,2009,34.09
155,2010,32.66
155,2011,33.78
155,2012,34.14
155,2013,33.13
155,2014,32.42
155,2015,30.82
155,2016,28.59
155,2017,27.75
155,2018,27.6
155,2019,26.86
155,2020,29.13
155,2021,28.03
156,2000,6.93
156,2001,7.29
156,2002,7.49
156,2003,7.29
156,2004,7.31
156,2005,7.22
156,2006,7.18
156,2007,7.28
156,2008,8.01
156,2009,8.84
156,2010,9.49
156,2011,10.44
156,2012,10.91
156,2013,11.41
156,2014,11.58
156,2015,11.87
156,2016,11.34
156,2017,11.13
156,2018,15.05
156,2019,15.62
156,2020,16.14
156,2021,15.2
157,2000,20.12
157,2001,20.83
157,2002,18.28
157,2003,22.09
157,2004,19.87
157,2005,18.07
157,2006,22.33
157,2007,23.15
157,2008,23.19
157,2009,24.9
157,2010,27.83
157,2011,27.22
157,2012,25.52
157,2013,30.17
157,2014,30.46
157,2015,27.21
157,2016,29.0
157,2017,24.42
157,2018,27.47
157,2019,28.19
157,2020,31.33
157,2021,32.33
158,2000,0.55
158,2001,0.54
158,2002,0.5
158,2003,0.5
158,2004,0.5
158,2005,0.56
158,2006,0.48
158,2007,0.49
158,2008,0.51
158,2009,0.52
158,2010,0.4
158,2011,0.66
158,2012,0.53
158,2013,1.38
158,2014,1.65
158,2015,1.86
158,2016,1.89
158,2017,2.26
158,2018,1.36
158,2019,2.42
158,2020,2.46
158,2021,2.57
159,2000,0.08
159,2001,0.14
159,2002,0.07
159,2003,0.05
159,2004,0.03
159,2005,0.03
159,2006,0.1
159,2007,0.07
159,2008,0.11
159,2009,0.07
159,2010,0.13
159,2011,0.14
159,2012,0.04
159,2013,0.04
159,2014,0.05
159,2015,0.05
159,2016,0.06
159,2017,0.06
159,2018,0.05
159,2019,0.06
159,2020,0.05
159,2021,0.03
231,2000,11.72
231,2001,10.72
231,2002,11.73
231,2003,12.41
231,2004,12.05
231,2005,11.38
231,2006,11.99
231,2007,16.42
231,2008,16.45
231,2009,15.31
231,2010,16.4
160,2000,16.37
160,2001,13.39
160,2002,14.4
160,2003,15.67
160,2004,17.28
160,2005,18.47
160,2006,17.39
160,2007,18.16
160,2008,20.4
160,2009,22.14
160,2010,24.07
160,2011,21.09
160,2012,21.53
160,2013,23.07
160,2014,24.31
160,2015,23.67
160,2016,24.4
160,2017,23.35
160,2018,23.03
160,2019,23.54
160,2020,24.06
160,2021,23.58
161,2000,3.5
161,2001,3.62
161,2002,3.46
161,2003,3.28
161,2004,3.55
161,2005,3.61
161,2006,3.48
161,2007,3.67
161,2008,3.31
161,2009,3.6
161,2010,3.34
161,2011,3.23
161,2012,3.24
161,2013,3.61
161,2014,3.3
161,2015,3.2
161,2016,3.36
161,2017,3.25
161,2018,3.18
161,2019,3.22
161,2020,3.68
161,2021,3.54
162,2000,86.78
162,2001,86.89
162,2002,87.13
162,2003,87.3
162,2004,87.55
162,2005,89.25
162,2006,90.59
162,2007,90.31
162,2008,90.63
162,2009,90.54
162,2010,90.47
162,2011,89.7
162,2012,88.78
162,2013,88.47
162,2014,87.95
162,2015,86.31
162,2016,85.5
162,2017,84.46
162,2018,82.82
162,2019,81.8
162,2020,81.7
162,2021,79.37
232,2000,7.09
232,2001,6.26
232,2002,7.4
232,2003,6.37
232,2004,13.03
232,2005,8.21
232,2006,9.11
232,2007,3.94
232,2008,9.03
232,2009,10.22
232,2010,9.16
232,2011,9.55
232,2012,7.7
232,2013,9.34
232,2014,9.11
232,2015,13.1
232,2016,9.16
232,2017,14.58
232,2018,12.99
232,2019,9.63
232,2020,12.26
232,2021,10.15
163,2000,26.37
163,2001,25.96
163,2002,24.34
163,2003,26.3
163,2004,21.98
163,2005,25.3
163,2006,0.01
163,2007,0.01
163,2008,0.01
163,2009,0.01
163,2010,0.97
163,2011,0.92
163,2012,1.31
163,2013,1.38
163,2014,1.63
163,2015,1.63
163,2016,1.69
163,2017,1.28
163,2018,1.32
163,2019,1.31
163,2020,1.62
163,2021,1.64
164,2000,24.05
164,2001,22.23
164,2002,21.73
164,2003,20.02
164,2004,18.43
164,2005,18.44
164,2006,16.94
164,2007,16.26
164,2008,15.53
164,2009,15.08
164,2010,13.22
164,2011,12.93
164,2012,12.39
164,2013,12.1
164,2014,11.72
164,2015,11.52
164,2016,11.17
164,2017,10.22
164,2018,10.22
164,2019,10.03
164,2020,9.97
164,2021,9.67
233,2000,0.42
233,2001,0.49
233,2002,0.45
233,2003,0.41
233,2004,0.44
233,2005,1.37
233,2006,1.38
233,2007,1.86
233,2008,1.46
233,2009,1.43
233,2010,1.55
233,2011,1.59
233,2012,1.4
233,2013,1.49
233,2014,0.96
233,2015,0.95
233,2016,0.94
233,2017,0.92
233,2018,1.06
233,2019,0.94
233,2020,1.06
233,2021,1.25
166,2000,8.49
166,2001,6.19
166,2002,6.07
166,2003,5.63
166,2004,5.86
166,2005,5.81
166,2006,5.29
166,2007,4.71
166,2008,5.33
166,2009,4.1
166,2010,5.13
166,2011,6.09
166,2012,5.02
166,2013,5.37
166,2014,3.32
166,2015,4.3
166,2016,4.1
166,2017,5.28
166,2018,4.93
166,2019,5.38
166,2020,5.23
166,2021,4.98
167,2000,59.69
167,2001,52.41
167,2002,49.58
167,2003,52.41
167,2004,48.82
167,2005,48.89
167,2006,45.96
167,2007,43.18
167,2008,45.0
167,2009,43.17
167,2010,41.93
167,2011,40.64
167,2012,40.21
167,2013,42.64
167,2014,41.42
167,2015,37.06
167,2016,36.8
167,2017,35.79
167,2018,36.64
167,2019,34.21
167,2020,35.64
167,2021,35.95
169,2000,54.73
169,2001,55.47
169,2002,55.34
169,2003,51.81
169,2004,48.92
169,2005,47.94
169,2006,47.33
169,2007,47.69
169,2008,46.04
169,2009,45.41
169,2010,38.2
169,2011,42.38
169,2012,40.15
169,2013,42.77
169,2014,38.39
169,2015,39.24
169,2016,38.06
169,2017,39.24
169,2018,40.59
169,2019,38.62
169,2020,41.61
169,2021,40.75
170,2000,0.01
170,2001,0.01
170,2002,0.01
170,2003,0.01
170,2004,0.01
170,2005,0.01
170,2006,0.01
170,2007,0.01
170,2008,0.01
170,2009,0.01
170,2010,0.01
170,2011,0.01
170,2012,0.01
170,2013,0.01
170,2014,0.01
170,2015,0.01
170,2016,0.01
170,2017,0.01
170,2018,0.01
170,2019,0.03
170,2020,0.06
170,2021,0.08
171,2000,47.52
171,2001,45.83
171,2002,43.76
171,2003,43.66
171,2004,39.88
171,2005,40.32
171,2006,43.35
171,2007,40.01
171,2008,39.81
171,2009,51.31
171,2010,49.55
171,2011,47.97
171,2012,49.6
171,2013,42.69
171,2014,42.53
171,2015,39.11
171,2016,36.72
171,2017,36.81
171,2018,34.24
171,2019,36.2
171,2020,38.67
171,2021,35.42
172,2000,22.09
172,2001,19.55
172,2002,18.01
172,2003,15.67
172,2004,14.64
172,2005,16.1
172,2006,15.33
172,2007,14.03
172,2008,15.5
172,2009,20.68
172,2010,20.47
172,2011,17.44
172,2012,19.47
172,2013,20.03
172,2014,23.25
172,2015,21.24
172,2016,20.91
172,2017,20.0
172,2018,21.05
172,2019,21.45
172,2020,25.98
172,2021,27.2
173,2000,1.52
173,2001,1.26
173,2002,1.1
173,2003,1.12
173,2004,0.96
173,2005,0.94
173,2006,0.95
173,2007,1.01
173,2008,0.91
173,2009,0.83
173,2010,0.71
173,2011,0.85
173,2012,0.8
173,2013,1.47
173,2014,1.37
173,2015,1.36
173,2016,1.21
173,2017,1.24
173,2018,1.23
173,2019,1.21
173,2020,1.34
173,2021,1.72
174,2000,93.32
174,2001,91.16
174,2002,87.96
174,2003,86.54
174,2004,86.54
174,2005,88.11
174,2006,84.37
174,2007,86.35
174,2008,86.04
174,2009,86.14
174,2010,84.89
174,2011,81.0
174,2012,79.06
174,2013,74.62
174,2014,73.04
174,2015,74.03
174,2016,73.61
174,2017,74.58
174,2018,75.86
174,2019,75.44
174,2020,75.07
174,2021,71.14
175,2000,0.33
175,2001,0.6
175,2002,0.58
175,2003,0.58
175,2004,0.53
175,2005,0.54
175,2006,0.52
175,2007,0.5
175,2008,0.53
175,2009,0.48
175,2010,0.47
175,2011,0.48
175,2012,0.51
175,2013,0.56
175,2014,0.59
175,2015,0.65
175,2016,0.71
175,2017,0.7
175,2018,0.78
175,2019,0.89
175,2020,0.91
175,2021,1.1
176,2012,0.05
176,2013,0.05
176,2014,0.05
176,2015,0.05
176,2016,0.05
176,2017,0.05
176,2018,0.05
176,2019,0.05
176,2020,0.05
176,2021,0.05
177,2000,3.73
177,2001,6.0
177,2002,5.48
177,2003,5.35
177,2004,6.25
177,2005,6.31
177,2006,6.57
177,2007,8.23
177,2008,7.63
177,2009,10.0
177,2010,10.28
177,2011,10.36
177,2012,10.47
177,2013,10.68
177,2014,12.24
177,2015,13.41
177,2016,13.09
177,2017,12.43
177,2018,12.43
177,2019,17.64
177,2020,17.64
177,2021,17.9
178,2000,17.96
178,2001,18.67
178,2002,16.31
178,2003,16.9
178,2004,17.77
178,2005,18.58
178,2006,17.36
178,2007,18.35
178,2008,17.63
178,2009,19.57
178,2010,20.07
178,2011,19.14
178,2012,20.22
178,2013,22.48
178,2014,22.91
178,2015,21.38
178,2016,20.96
178,2017,19.71
178,2018,20.63
178,2019,20.86
178,2020,22.7
178,2021,23.39
179,2000,55.26
179,2001,54.14
179,2002,52.82
179,2003,51.46
179,2004,49.91
179,2005,49.7
179,2006,48.93
179,2007,47.42
179,2008,46.69
179,2009,45.79
179,2010,45.07
179,2011,43.61
179,2012,43.82
179,2013,41.83
179,2014,45.89
179,2015,48.64
179,2016,48.7
179,2017,48.98
179,2018,48.64
179,2019,48.36
179,2020,49.03
179,2021,49.13
180,2000,93.28
180,2001,93.26
180,2002,92.58
180,2003,92.8
180,2004,93.0
180,2005,93.3
180,2006,93.47
180,2007,93.02
180,2008,93.37
180,2009,93.63
180,2010,93.57
180,2011,93.65
180,2012,93.9
180,2013,94.4
180,2014,94.64
180,2015,94.5
180,2016,94.78
180,2017,94.9
180,2018,94.93
180,2019,95.03
180,2020,95.51
180,2021,95.37
181,2000,16.18
181,2001,15.01
181,2002,13.28
181,2003,11.78
181,2004,11.03
181,2005,9.66
181,2006,9.34
181,2007,8.65
181,2008,9.7
181,2009,9.15
181,2010,9.41
181,2011,9.01
181,2012,8.29
181,2013,7.77
181,2014,7.55
181,2015,7.58
181,2016,7.83
181,2017,7.9
181,2018,7.98
181,2019,8.72
181,2020,9.78
181,2021,9.7
182,2000,0.7
182,2001,0.69
182,2002,0.7
182,2003,0.85
182,2004,0.77
182,2005,0.87
182,2006,0.95
182,2007,1.03
182,2008,1.06
182,2009,1.21
182,2010,1.32
182,2011,1.35
182,2012,1.61
182,2013,1.92
182,2014,2.87
182,2015,2.74
182,2016,2.56
182,2017,2.84
182,2018,3.18
182,2019,3.23
182,2020,3.63
182,2021,3.65
183,2012,30.56
183,2013,30.13
183,2014,29.45
183,2015,27.49
183,2016,28.66
183,2017,35.08
183,2018,31.49
183,2019,31.45
183,2020,32.8
183,2021,32.39
184,2000,7.88
184,2001,8.93
184,2002,7.41
184,2003,8.91
184,2004,8.04
184,2005,7.3
184,2006,8.48
184,2007,9.01
184,2008,9.74
184,2009,12.21
184,2010,14.39
184,2011,14.72
184,2012,15.75
184,2013,16.91
184,2014,17.32
184,2015,16.3
184,2016,16.71
184,2017,15.18
184,2018,16.9
184,2019,16.68
184,2020,19.34
184,2021,18.96
185,2000,64.16
185,2001,62.93
185,2002,62.1
185,2003,61.31
185,2004,61.61
185,2005,60.08
185,2006,62.18
185,2007,60.2
185,2008,61.58
185,2009,63.51
185,2010,61.85
185,2011,56.42
185,2012,52.86
185,2013,56.88
185,2014,54.23
185,2015,51.27
185,2016,45.13
185,2017,45.77
185,2018,47.85
185,2019,46.13
185,2020,49.3
185,2021,48.8
186,2000,80.42
186,2001,79.38
186,2002,76.76
186,2003,77.0
186,2004,75.4
186,2005,72.28
186,2006,69.25
186,2007,65.62
186,2008,63.49
186,2009,63.1
186,2010,61.31
186,2011,63.66
186,2012,63.74
186,2013,64.29
186,2014,63.71
186,2015,61.9
186,2016,58.87
186,2017,59.37
186,2018,59.75
186,2019,59.39
186,2020,62.57
186,2021,60.98
187,2000,23.63
187,2001,24.14
187,2002,27.79
187,2003,24.64
187,2004,22.63
187,2005,18.88
187,2006,22.09
187,2007,24.59
187,2008,26.19
187,2009,26.47
187,2010,22.1
187,2011,21.16
187,2012,15.77
187,2013,17.63
187,2014,12.85
187,2015,11.59
187,2016,11.1
187,2017,15.53
187,2018,18.34
187,2019,14.86
187,2020,14.57
187,2021,14.49
188,2000,39.82
188,2001,37.38
188,2002,35.85
188,2003,34.56
188,2004,35.49
188,2005,39.3
188,2006,40.08
188,2007,41.75
188,2008,43.2
188,2009,45.71
188,2010,44.7
188,2011,45.43
188,2012,48.29
188,2013,47.27
188,2014,48.61
188,2015,51.91
188,2016,50.89
188,2017,51.82
188,2018,51.56
188,2019,52.87
188,2020,57.83
188,2021,57.9
189,2000,18.19
189,2001,18.72
189,2002,18.19
189,2003,18.03
189,2004,18.1
189,2005,18.73
189,2006,18.07
189,2007,19.31
189,2008,19.55
189,2009,19.97
189,2010,20.56
189,2011,20.57
189,2012,21.88
189,2013,21.83
189,2014,22.2
189,2015,23.94
189,2016,24.09
189,2017,24.98
189,2018,24.2
189,2019,24.76
189,2020,26.36
189,2021,27.69
190,2000,2.0
190,2001,2.07
190,2002,1.6
190,2003,1.9
190,2004,2.59
190,2005,2.1
190,2006,1.82
190,2007,1.54
190,2008,1.25
190,2009,0.91
190,2010,1.35
190,2011,1.62
190,2012,2.03
190,2013,3.08
190,2014,2.69
190,2015,0.58
190,2016,1.32
190,2017,1.07
190,2018,0.89
190,2019,1.0
190,2020,1.1
190,2021,1.14
191,2000,62.41
191,2001,64.07
191,2002,64.15
191,2003,64.58
191,2004,61.41
191,2005,63.73
191,2006,61.57
191,2007,53.79
191,2008,54.61
191,2009,60.58
191,2010,61.83
191,2011,59.98
191,2012,55.8
191,2013,55.12
191,2014,45.89
191,2015,48.11
191,2016,43.67
191,2017,44.23
191,2018,41.58
191,2019,40.07
191,2020,38.75
191,2021,34.89
192,2000,93.64
192,2001,93.1
192,2002,92.4
192,2003,92.36
192,2004,91.29
192,2005,90.33
192,2006,89.89
192,2007,90.56
192,2008,90.29
192,2009,90.95
192,2010,89.39
192,2011,87.62
192,2012,85.23
192,2013,84.46
192,2014,84.7
192,2015,82.8
192,2016,81.74
192,2017,81.99
192,2018,81.35
192,2019,80.42
192,2020,80.82
192,2021,78.31
193,2000,21.8
193,2001,19.88
193,2002,19.9
193,2003,20.2
193,2004,19.89
193,2005,20.11
193,2006,20.52
193,2007,21.61
193,2008,22.62
193,2009,22.84
193,2010,22.83
193,2011,22.95
193,2012,23.56
193,2013,23.21
193,2014,24.41
193,2015,22.64
193,2016,22.42
193,2017,22.24
193,2018,23.69
193,2019,23.94
193,2020,20.93
193,2021,18.97
194,2000,77.11
194,2001,82.05
194,2002,78.66
194,2003,74.79
194,2004,76.14
194,2005,77.22
194,2006,79.65
194,2007,79.9
194,2008,76.51
194,2009,63.38
194,2010,65.81
194,2011,69.1
194,2012,72.65
194,2013,76.19
194,2014,81.44
194,2015,81.04
194,2016,80.65
194,2017,78.39
194,2018,76.74
194,2019,78.63
194,2020,76.19
194,2021,75.13
195,2000,2.48
195,2001,2.7
195,2002,2.48
195,2003,2.01
195,2004,2.15
195,2005,2.15
195,2006,1.86
195,2007,2.17
195,2008,1.99
195,2009,1.82
195,2010,1.01
195,2011,1.14
195,2012,1.15
195,2013,1.58
195,2014,1.7
195,2015,1.94
195,2016,2.03
195,2017,1.96
195,2018,1.78
195,2019,1.77
195,2020,1.89
195,2021,1.77
196,2000,0.76
196,2001,0.71
196,2002,0.69
196,2003,0.6
196,2004,0.6
196,2005,0.54
196,2006,0.55
196,2007,0.45
196,2008,0.46
196,2009,0.49
196,2010,0.38
196,2011,0.38
196,2012,0.37
196,2013,0.36
196,2014,0.35
196,2015,0.37
196,2016,0.43
196,2017,0.42
196,2018,0.46
196,2019,0.43
196,2020,0.48
196,2021,0.46
197,2000,14.24
197,2001,14.22
197,2002,14.55
197,2003,14.13
197,2004,13.92
197,2005,14.18
197,2006,14.32
197,2007,14.32
197,2008,14.61
197,2009,16.07
197,2010,12.61
197,2011,13.24
197,2012,13.0
197,2013,13.17
197,2014,12.86
197,2015,12.5
197,2016,12.4
197,2017,11.82
197,2018,11.91
197,2019,12.19
197,2020,12.87
197,2021,11.58
198,2000,17.29
198,2001,18.12
198,2002,17.49
198,2003,16.29
198,2004,16.78
198,2005,15.34
198,2006,14.23
198,2007,12.48
198,2008,12.53
198,2009,13.12
198,2010,14.21
198,2011,12.68
198,2012,13.03
198,2013,13.8
198,2014,11.51
198,2015,13.34
198,2016,13.23
198,2017,11.4
198,2018,11.83
198,2019,14.12
198,2020,13.72
198,2021,12.02
199,2000,0.1
199,2001,0.1
199,2002,0.09
199,2003,0.08
199,2004,0.08
199,2005,0.08
199,2006,0.09
199,2007,0.07
199,2008,0.08
199,2009,0.08
199,2010,0.07
199,2011,0.07
199,2012,0.05
199,2013,0.06
199,2014,0.06
199,2015,0.06
199,2016,0.06
199,2017,0.06
199,2018,0.06
199,2019,0.06
199,2020,0.06
199,2021,0.06
200,2000,0.45
200,2001,0.43
200,2002,0.38
200,2003,0.39
200,2004,0.39
200,2005,0.36
200,2006,0.35
200,2007,0.33
200,2008,0.33
200,2009,0.34
200,2010,0.34
200,2011,0.37
200,2012,0.37
200,2013,0.37
200,2014,0.36
200,2015,0.38
200,2016,0.37
200,2017,0.35
200,2018,0.41
200,2019,0.5
200,2020,0.51
200,2021,0.76
201,2000,0.04
201,2001,0.03
201,2002,0.02
201,2003,0.03
201,2004,0.02
201,2005,0.02
201,2006,0.02
201,2007,0.02
201,2008,0.2
201,2009,0.25
201,2010,0.45
201,2011,0.21
201,2012,0.27
201,2013,0.7
201,2014,0.65
201,2015,2.98
201,2016,7.27
201,2017,6.98
201,2018,6.36
201,2019,6.32
201,2020,5.04
201,2021,5.04
202,2000,95.29
202,2001,95.49
202,2002,95.62
202,2003,95.55
202,2004,95.32
202,2005,94.47
202,2006,94.21
202,2007,94.14
202,2008,94.13
202,2009,94.26
202,2010,93.63
202,2011,93.29
202,2012,93.45
202,2013,93.06
202,2014,92.39
202,2015,91.7
202,2016,91.42
202,2017,91.31
202,2018,90.52
202,2019,90.54
202,2020,91.64
202,2021,90.95
203,2000,1.25
203,2001,1.23
203,2002,1.03
203,2003,0.99
203,2004,1.21
203,2005,1.27
203,2006,1.75
203,2007,2.39
203,2008,2.72
203,2009,2.96
203,2010,2.88
203,2011,2.74
203,2012,2.86
203,2013,3.49
203,2014,3.5
203,2015,4.15
203,2016,5.48
203,2017,6.48
203,2018,6.92
203,2019,7.44
203,2020,8.72
203,2021,8.87
204,2000,0.08
204,2001,0.06
204,2002,0.07
204,2003,0.07
204,2004,0.1
204,2005,0.1
204,2006,0.11
204,2007,0.11
204,2008,0.11
204,2009,0.11
204,2010,0.11
204,2011,0.11
204,2012,0.1
204,2013,0.1
204,2014,0.13
204,2015,0.12
204,2016,0.12
204,2017,0.19
204,2018,0.3
204,2019,0.65
204,2020,0.88
204,2021,1.01
205,2000,0.96
205,2001,0.85
205,2002,0.97
205,2003,0.93
205,2004,1.14
205,2005,1.35
205,2006,1.55
205,2007,1.84
205,2008,2.44
205,2009,2.97
205,2010,3.17
205,2011,3.99
205,2012,4.21
205,2013,5.24
205,2014,6.6
205,2015,7.73
205,2016,7.74
205,2017,8.85
205,2018,10.15
205,2019,11.44
205,2020,13.57
205,2021,12.15
206,2000,5.43
206,2001,4.68
206,2002,4.84
206,2003,5.33
206,2004,5.48
206,2005,5.84
206,2006,6.4
206,2007,6.3
206,2008,6.85
206,2009,7.35
206,2010,7.44
206,2011,8.36
206,2012,8.53
206,2013,8.88
206,2014,9.02
206,2015,8.89
206,2016,9.31
206,2017,9.71
206,2018,9.91
206,2019,10.22
206,2020,10.96
206,2021,10.9
207,2000,0.5
207,2001,0.55
207,2002,0.57
207,2003,0.58
207,2004,0.59
207,2005,0.67
207,2006,0.69
207,2007,0.69
207,2008,0.72
207,2009,0.76
207,2010,0.74
207,2011,1.21
207,2012,1.98
207,2013,2.9
207,2014,4.21
207,2015,5.64
207,2016,5.66
207,2017,5.28
207,2018,5.79
207,2019,6.19
207,2020,5.89
207,2021,5.9
208,2000,38.73
208,2001,41.63
208,2002,43.25
208,2003,43.83
208,2004,39.31
208,2005,41.32
208,2006,37.6
208,2007,43.2
208,2008,44.09
208,2009,44.64
208,2010,53.29
208,2011,49.67
208,2012,47.85
208,2013,51.87
208,2014,56.7
208,2015,59.4
208,2016,60.32
208,2017,60.82
208,2018,60.83
208,2019,59.34
208,2020,61.21
208,2021,57.8
209,2000,0.72
209,2001,0.78
209,2002,1.02
209,2003,1.42
209,2004,1.05
209,2005,1.62
209,2006,0.85
209,2007,0.9
209,2008,0.8
209,2009,1.25
209,2010,1.34
209,2011,0.95
209,2012,1.34
209,2013,1.19
209,2014,1.4
209,2015,1.71
209,2016,1.6
209,2017,1.74
209,2018,1.5
209,2019,1.59
209,2020,1.03
209,2021,1.0
210,2000,49.49
210,2001,51.26
210,2002,53.33
210,2003,52.73
210,2004,55.36
210,2005,54.91
210,2006,55.28
210,2007,51.61
210,2008,52.06
210,2009,38.66
210,2010,38.08
210,2011,35.75
210,2012,38.98
210,2013,40.92
210,2014,31.51
210,2015,35.62
210,2016,33.15
210,2017,35.69
210,2018,29.7
210,2019,31.63
210,2020,26.02
210,2021,24.64
211,2000,15.29
211,2001,14.03
211,2002,12.84
211,2003,13.41
211,2004,14.64
211,2005,14.23
211,2006,15.6
211,2007,16.64
211,2008,16.35
211,2009,16.21
211,2010,13.79
211,2011,14.76
211,2012,13.85
211,2013,15.43
211,2014,12.09
211,2015,15.38
211,2016,14.55
211,2017,14.33
211,2018,14.63
211,2019,15.76
211,2020,31.19
211,2021,33.69
212,2000,57.73
212,2001,56.14
212,2002,52.2
212,2003,50.83
212,2004,45.77
212,2005,44.15
212,2006,44.25
212,2007,41.9
212,2008,39.26
212,2009,36.97
212,2010,34.58
212,2011,36.33
212,2012,37.91
212,2013,37.37
212,2014,36.69
212,2015,27.76
212,2016,26.81
212,2017,28.32
212,2018,24.34
212,2019,20.43
212,2020,18.85
212,2021,24.23
234,2000,3.89
234,2001,4.46
234,2002,4.49
234,2003,4.67
234,2004,3.81
234,2005,3.74
234,2006,3.69
234,2007,3.55
234,2008,3.66
234,2009,3.63
234,2010,3.67
234,2011,3.62
234,2012,3.78
234,2013,3.96
234,2014,4.01
234,2015,3.99
234,2016,3.81
234,2017,3.84
234,2018,3.72
234,2019,3.58
234,2020,3.32
234,2021,3.34
213,2000,16.87
213,2001,16.58
213,2002,16.56
213,2003,16.39
213,2004,16.09
213,2005,15.98
213,2006,16.01
213,2007,15.84
213,2008,15.98
213,2009,16.38
213,2010,16.04
213,2011,16.01
213,2012,16.27
213,2013,16.52
213,2014,16.66
213,2015,16.7
213,2016,16.91
213,2017,17.1
213,2018,17.31
213,2019,17.69
213,2020,19.05
213,2021,18.71
214,2000,0.95
214,2001,0.89
214,2002,0.88
214,2003,0.78
214,2004,0.75
214,2005,0.73
214,2006,0.76
214,2007,0.76
214,2008,0.74
214,2009,0.7
214,2010,0.78
214,2011,0.93
214,2012,1.08
214,2013,0.76
214,2014,0.78
214,2015,1.96
214,2016,2.64
214,2017,2.96
214,2018,2.93
214,2019,3.03
214,2020,3.55
214,2021,3.67
215,2000,89.97
215,2001,89.79
215,2002,89.63
215,2003,89.32
215,2004,89.44
215,2005,88.91
215,2006,89.71
215,2007,90.65
215,2008,89.78
215,2009,89.2
215,2010,89.16
215,2011,87.93
215,2012,85.4
215,2013,85.34
215,2014,84.61
215,2015,83.96
215,2016,83.98
215,2017,83.46
215,2018,83.78
215,2019,86.09
215,2020,85.45
215,2021,83.04
216,2000,69.5
216,2001,72.32
216,2002,74.74
216,2003,78.01
216,2004,81.84
216,2005,80.29
216,2006,78.7
216,2007,78.03
216,2008,81.59
216,2009,82.58
216,2010,81.19
216,2011,77.22
216,2012,77.0
216,2013,79.32
216,2014,80.75
216,2015,80.78
216,2016,81.68
216,2017,81.98
216,2018,79.65
216,2019,81.04
216,2020,84.06
216,2021,82.38
